file name,succeeded,learning_rounds,automaton_size,learning_time,smt_time,eq_oracle_time,total_time,queries_learning,validity_query,nodes,informative_nodes,sul_steps,queries_eq_oracle,steps_eq_oracle
all9/randm04.02.02.01.020_0030.01.aba.beta,True,2,3,0.003954648971557617,0.023871660232543945,0.001481771469116211,0.029308080673217773,9,2,9,9,18,536,8587
all9/randm04.02.02.01.020_0030.02.aba.beta,True,3,4,0.005445957183837891,0.02619338035583496,0.0021505355834960938,0.033789873123168945,11,3,11,11,23,889,14173
all9/randm04.02.02.01.020_0030.03.aba.beta,True,3,4,0.006577968597412109,0.02776026725769043,0.0012464523315429688,0.03558468818664551,22,3,22,15,96,540,8592
all9/randm04.02.02.01.020_0030.04.aba.beta,True,3,4,0.00716710090637207,0.027271747589111328,0.001383066177368164,0.03582191467285156,26,3,26,16,126,549,8634
all9/randm04.02.02.01.020_0030.05.aba.beta,True,3,4,0.0047299861907958984,0.02432870864868164,0.0023992061614990234,0.03145790100097656,11,3,11,11,23,952,15069
all9/randm04.02.02.02.020_0030.01.aba.beta,True,1,1,0.001138925552368164,0.01719832420349121,0.0012950897216796875,0.019632339477539062,3,1,3,3,2,543,8623
all9/randm04.02.02.02.020_0030.02.aba.beta,True,1,1,0.0010232925415039062,0.015839815139770508,0.0013005733489990234,0.018163681030273438,3,1,3,3,2,537,8598
all9/randm04.02.02.02.020_0030.03.aba.beta,True,1,1,0.0009033679962158203,0.015840530395507812,0.001255035400390625,0.017998933792114258,3,1,3,3,2,527,8532
all9/randm04.02.02.02.020_0030.04.aba.beta,True,1,1,0.0011479854583740234,0.020029783248901367,0.001682281494140625,0.022860050201416016,3,1,3,3,2,536,8589
all9/randm04.02.02.02.020_0030.05.aba.beta,True,1,1,0.0008609294891357422,0.016350269317626953,0.0012052059173583984,0.018416404724121094,3,1,3,3,2,536,8583
all9/randm04.02.02.03.020_0030.01.aba.beta,True,2,3,0.003464221954345703,0.020364999771118164,0.0012860298156738281,0.025115251541137695,19,2,19,15,65,536,8563
all9/randm04.02.02.03.020_0030.02.aba.beta,True,2,3,0.0037479400634765625,0.02319622039794922,0.0012602806091308594,0.02820444107055664,27,2,27,21,181,545,8658
all9/randm04.02.02.03.020_0030.03.aba.beta,True,2,3,0.002917766571044922,0.01983022689819336,0.0014166831970214844,0.024164676666259766,10,2,10,10,21,540,8598
all9/randm04.02.02.03.020_0030.04.aba.beta,True,2,3,0.0030014514923095703,0.0058879852294921875,0.001107931137084961,0.009997367858886719,10,2,10,10,21,543,8612
all9/randm04.02.02.03.020_0030.05.aba.beta,True,2,3,0.0030112266540527344,0.007383108139038086,0.0012717247009277344,0.011666059494018555,22,2,22,15,92,538,8578
all9/randm04.02.02.04.020_0030.01.aba.beta,True,1,1,0.0007426738739013672,0.002222299575805664,0.0012543201446533203,0.0042192935943603516,3,1,3,3,2,529,8558
all9/randm04.02.02.04.020_0030.02.aba.beta,True,1,1,0.0008645057678222656,0.015201330184936523,0.0017080307006835938,0.017773866653442383,3,1,3,3,2,531,8570
all9/randm04.02.02.04.020_0030.03.aba.beta,True,1,1,0.0011897087097167969,0.002110004425048828,0.0012524127960205078,0.004552125930786133,3,1,3,3,2,532,8571
all9/randm04.02.02.04.020_0030.04.aba.beta,True,1,1,0.0012829303741455078,0.0020775794982910156,0.0012714862823486328,0.004631996154785156,3,1,3,3,2,535,8587
all9/randm04.02.02.04.020_0030.05.aba.beta,True,1,1,0.0007519721984863281,0.0020987987518310547,0.0012505054473876953,0.004101276397705078,3,1,3,3,2,539,8598
all9/randm04.02.02.05.020_0030.01.aba.beta,True,1,2,0.0018057823181152344,0.002629518508911133,0.0012824535369873047,0.005717754364013672,5,1,5,5,6,533,8580
all9/randm04.02.02.05.020_0030.02.aba.beta,True,1,2,0.0016489028930664062,0.002933025360107422,0.0011801719665527344,0.0057621002197265625,5,1,5,5,6,529,8561
all9/randm04.02.02.05.020_0030.03.aba.beta,True,1,2,0.0016121864318847656,0.015911579132080078,0.0012919902801513672,0.01881575584411621,5,1,5,5,6,538,8604
all9/randm04.02.02.05.020_0030.04.aba.beta,True,1,2,0.0013117790222167969,0.0029449462890625,0.0010845661163330078,0.005341291427612305,5,1,5,5,6,531,8548
all9/randm04.02.02.05.020_0030.05.aba.beta,True,1,2,0.0010921955108642578,0.0027387142181396484,0.0011157989501953125,0.004946708679199219,5,1,5,5,6,528,8549
all9/randm04.02.02.06.020_0030.01.aba.beta,True,3,3,0.004906654357910156,0.011016845703125,0.0011539459228515625,0.01707744598388672,20,3,20,15,84,544,8603
all9/randm04.02.02.06.020_0030.02.aba.beta,True,2,3,0.003591775894165039,0.008097410202026367,0.0012941360473632812,0.012983322143554688,23,2,24,20,130,552,8677
all9/randm04.02.02.06.020_0030.03.aba.beta,True,2,3,0.002698183059692383,0.006772041320800781,0.0012202262878417969,0.010690450668334961,12,2,12,12,26,540,8602
all9/randm04.02.02.06.020_0030.04.aba.beta,True,3,3,0.004430532455444336,0.011671304702758789,0.0011453628540039062,0.01724720001220703,21,3,21,20,98,556,8693
all9/randm04.02.02.06.020_0030.05.aba.beta,True,2,3,0.0033698081970214844,0.0074350833892822266,0.0011577606201171875,0.011962652206420898,17,2,18,14,55,546,8620
all9/randm04.02.02.07.020_0030.01.aba.beta,True,1,2,0.000972747802734375,0.0028324127197265625,0.0011363029479980469,0.004941463470458984,5,1,5,5,6,531,8557
all9/randm04.02.02.07.020_0030.02.aba.beta,True,1,2,0.0013227462768554688,0.015996217727661133,0.0013422966003417969,0.0186612606048584,5,1,5,5,6,531,8567
all9/randm04.02.02.07.020_0030.03.aba.beta,True,1,2,0.0010368824005126953,0.002802133560180664,0.0011029243469238281,0.0049419403076171875,5,1,5,5,6,538,8600
all9/randm04.02.02.07.020_0030.04.aba.beta,True,1,2,0.0009083747863769531,0.0023865699768066406,0.0011823177337646484,0.004477262496948242,5,1,5,5,6,538,8598
all9/randm04.02.02.07.020_0030.05.aba.beta,True,1,2,0.000885009765625,0.002500772476196289,0.001146078109741211,0.0045318603515625,5,1,5,5,6,541,8614
all9/randm04.02.02.08.020_0030.01.aba.beta,True,3,4,0.006455659866333008,0.01760697364807129,0.0012984275817871094,0.025361061096191406,53,3,53,41,550,601,9358
all9/randm04.02.02.08.020_0030.02.aba.beta,True,5,4,0.009391069412231445,0.028750181198120117,0.0014755725860595703,0.03961682319641113,53,5,53,43,501,633,9885
all9/randm04.02.02.08.020_0030.03.aba.beta,True,4,4,0.007966041564941406,0.017451763153076172,0.0011398792266845703,0.02655768394470215,24,4,24,20,108,555,8659
all9/randm04.02.02.08.020_0030.04.aba.beta,True,3,4,0.004613399505615234,0.010261774063110352,0.0012302398681640625,0.01610541343688965,17,3,17,17,54,549,8629
all9/randm04.02.02.08.020_0030.05.aba.beta,True,3,4,0.005824089050292969,0.01548004150390625,0.0011599063873291016,0.02246403694152832,39,3,39,27,230,558,8697
all9/randm04.02.02.09.020_0030.01.aba.beta,True,2,3,0.0027511119842529297,0.006754398345947266,0.0012180805206298828,0.010723590850830078,14,2,14,11,45,541,8608
all9/randm04.02.02.09.020_0030.02.aba.beta,True,3,3,0.005274772644042969,0.01342010498046875,0.0013151168823242188,0.020009994506835938,32,3,32,28,318,579,9244
all9/randm04.02.02.09.020_0030.03.aba.beta,True,2,3,0.002965688705444336,0.007809638977050781,0.0011801719665527344,0.011955499649047852,20,2,20,16,92,545,8636
all9/randm04.02.02.09.020_0030.04.aba.beta,True,2,3,0.003354787826538086,0.00846409797668457,0.0012445449829101562,0.013063430786132812,26,2,26,23,185,553,8716
all9/randm04.02.02.09.020_0030.05.aba.beta,True,2,3,0.003072023391723633,0.007958412170410156,0.001203775405883789,0.012234210968017578,21,2,21,18,129,549,8669
all9/randm04.02.02.10.020_0030.01.aba.beta,True,3,4,0.007776975631713867,0.017898082733154297,0.0013163089752197266,0.02699136734008789,48,3,58,36,499,593,9290
all9/randm04.02.02.10.020_0030.02.aba.beta,True,3,4,0.00610804557800293,0.01448822021484375,0.0011990070343017578,0.021795272827148438,35,3,43,27,250,547,8701
all9/randm04.02.02.10.020_0030.03.aba.beta,True,3,4,0.008423566818237305,0.020142316818237305,0.0015416145324707031,0.030107498168945312,54,3,62,43,710,730,11578
all9/randm04.02.02.10.020_0030.04.aba.beta,True,2,4,0.004879951477050781,0.009904861450195312,0.0012221336364746094,0.016006946563720703,41,2,52,28,379,555,8784
all9/randm04.02.02.10.020_0030.05.aba.beta,True,2,4,0.006112813949584961,0.010715246200561523,0.0012340545654296875,0.018062114715576172,43,2,53,30,444,560,8819
all9/randm04.02.02.11.020_0030.01.aba.beta,True,3,4,0.004840373992919922,0.011123895645141602,0.0019659996032714844,0.017930269241333008,15,3,15,14,36,844,13361
all9/randm04.02.02.11.020_0030.02.aba.beta,True,3,4,0.004376649856567383,0.010760068893432617,0.001760721206665039,0.01689743995666504,15,3,15,14,37,841,13341
all9/randm04.02.02.11.020_0030.03.aba.beta,True,3,4,0.004611968994140625,0.011733770370483398,0.0011453628540039062,0.01749110221862793,19,3,19,19,54,551,8634
all9/randm04.02.02.11.020_0030.04.aba.beta,True,4,4,0.0065000057220458984,0.015212774276733398,0.0012416839599609375,0.022954463958740234,29,4,29,17,109,554,8644
all9/randm04.02.02.11.020_0030.05.aba.beta,True,4,4,0.0058972835540771484,0.015286684036254883,0.0017116069793701172,0.02289557456970215,20,4,20,15,65,788,12764
all9/randm04.02.02.12.020_0030.01.aba.beta,True,2,3,0.0028753280639648438,0.0074923038482666016,0.0012660026550292969,0.011633634567260742,21,2,21,17,103,545,8621
all9/randm04.02.02.12.020_0030.02.aba.beta,True,2,3,0.0028378963470458984,0.007205486297607422,0.0012011528015136719,0.011244535446166992,22,2,22,16,97,550,8653
all9/randm04.02.02.12.020_0030.03.aba.beta,True,2,3,0.0032804012298583984,0.0065135955810546875,0.0013000965118408203,0.011094093322753906,22,2,22,15,108,551,8639
all9/randm04.02.02.12.020_0030.04.aba.beta,True,2,3,0.0030176639556884766,0.00695347785949707,0.0011734962463378906,0.011144638061523438,17,2,18,12,61,541,8599
all9/randm04.02.02.12.020_0030.05.aba.beta,True,2,3,0.0031044483184814453,0.007164478302001953,0.0011551380157470703,0.011424064636230469,25,2,26,17,165,540,8607
all9/randm04.02.02.13.020_0030.01.aba.beta,True,1,1,0.0025892257690429688,0.0019986629486083984,0.0011410713195800781,0.005728960037231445,3,1,3,3,2,528,8539
all9/randm04.02.02.13.020_0030.02.aba.beta,True,1,1,0.0005710124969482422,0.0024459362030029297,0.001177072525024414,0.004194021224975586,3,1,3,3,2,535,8584
all9/randm04.02.02.13.020_0030.03.aba.beta,True,1,1,0.001081228256225586,0.001983642578125,0.0012242794036865234,0.004289150238037109,3,1,3,3,2,534,8583
all9/randm04.02.02.13.020_0030.04.aba.beta,True,1,1,0.0005948543548583984,0.0019266605377197266,0.00121307373046875,0.003734588623046875,3,1,3,3,2,537,8593
all9/randm04.02.02.13.020_0030.05.aba.beta,True,1,1,0.0007104873657226562,0.0019500255584716797,0.0012204647064208984,0.0038809776306152344,3,1,3,3,2,543,8623
all9/randm04.02.02.14.020_0030.01.aba.beta,True,3,4,0.004957914352416992,0.010675668716430664,0.0012598037719726562,0.016893386840820312,14,3,14,14,33,547,8613
all9/randm04.02.02.14.020_0030.02.aba.beta,True,3,4,0.0042171478271484375,0.009879112243652344,0.0012962818145751953,0.015392541885375977,16,3,16,12,42,542,8599
all9/randm04.02.02.14.020_0030.03.aba.beta,True,4,4,0.008216619491577148,0.020660877227783203,0.0012345314025878906,0.030112028121948242,48,4,48,36,497,588,9082
all9/randm04.02.02.14.020_0030.04.aba.beta,True,3,4,0.0058438777923583984,0.012068986892700195,0.0011839866638183594,0.019096851348876953,42,3,42,22,337,554,8684
all9/randm04.02.02.14.020_0030.05.aba.beta,True,3,4,0.004513263702392578,0.010827302932739258,0.001153707504272461,0.016494274139404297,15,3,15,13,38,539,8574
all9/randm04.02.02.15.020_0030.01.aba.beta,True,1,2,0.0011074542999267578,0.004605293273925781,0.0010979175567626953,0.006810665130615234,5,1,5,4,6,533,8586
all9/randm04.02.02.15.020_0030.02.aba.beta,True,1,2,0.0009322166442871094,0.0022895336151123047,0.001238107681274414,0.004459857940673828,5,1,5,5,6,532,8581
all9/randm04.02.02.15.020_0030.03.aba.beta,True,1,2,0.0009875297546386719,0.0025207996368408203,0.0011932849884033203,0.0047016143798828125,5,1,5,5,6,541,8605
all9/randm04.02.02.15.020_0030.04.aba.beta,True,1,2,0.0009646415710449219,0.0027494430541992188,0.0010733604431152344,0.004787445068359375,5,1,5,5,6,542,8616
all9/randm04.02.02.15.020_0030.05.aba.beta,True,1,2,0.0009872913360595703,0.002418041229248047,0.0011334419250488281,0.004538774490356445,5,1,5,5,6,534,8580
all9/randm04.02.02.16.020_0030.01.aba.beta,True,2,3,0.0028662681579589844,0.005911588668823242,0.0011317729949951172,0.009909629821777344,19,2,19,16,63,536,8574
all9/randm04.02.02.16.020_0030.02.aba.beta,True,2,3,0.003130197525024414,0.0069484710693359375,0.0012142658233642578,0.01129293441772461,23,2,24,18,104,540,8589
all9/randm04.02.02.16.020_0030.03.aba.beta,True,2,3,0.003186941146850586,0.00685572624206543,0.0012714862823486328,0.011314153671264648,23,2,23,19,113,546,8632
all9/randm04.02.02.16.020_0030.04.aba.beta,True,2,3,0.0033655166625976562,0.0058286190032958984,0.0012655258178710938,0.010459661483764648,22,2,22,16,99,549,8641
all9/randm04.02.02.16.020_0030.05.aba.beta,True,3,3,0.0044972896575927734,0.011573314666748047,0.0011622905731201172,0.017232894897460938,32,3,33,26,230,560,8784
all9/randm04.02.02.17.020_0030.01.aba.beta,True,2,3,0.003178834915161133,0.007199764251708984,0.001177072525024414,0.011555671691894531,19,2,19,16,88,549,8649
all9/randm04.02.02.17.020_0030.02.aba.beta,True,2,3,0.0030634403228759766,0.008282899856567383,0.0012180805206298828,0.012564420700073242,24,2,24,22,165,553,8710
all9/randm04.02.02.17.020_0030.03.aba.beta,True,2,3,0.002626657485961914,0.006245136260986328,0.0011184215545654297,0.009990215301513672,16,2,16,13,71,535,8562
all9/randm04.02.02.17.020_0030.04.aba.beta,True,2,3,0.0027475357055664062,0.00688934326171875,0.0011227130889892578,0.010759592056274414,18,2,18,16,88,535,8572
all9/randm04.02.02.17.020_0030.05.aba.beta,True,2,3,0.002910137176513672,0.007640361785888672,0.001100778579711914,0.011651277542114258,20,2,20,17,101,540,8576
all9/randm04.02.02.18.020_0030.01.aba.beta,True,3,4,0.0051500797271728516,0.013725996017456055,0.0011584758758544922,0.0200345516204834,31,3,32,24,174,560,8700
all9/randm04.02.02.18.020_0030.02.aba.beta,True,5,4,0.008973360061645508,0.02491283416748047,0.0012853145599365234,0.0351715087890625,44,5,46,34,509,618,9503
all9/randm04.02.02.18.020_0030.03.aba.beta,True,5,4,0.008987903594970703,0.02667069435119629,0.0016543865203857422,0.037312984466552734,39,5,42,30,278,697,10629
all9/randm04.02.02.18.020_0030.04.aba.beta,True,3,4,0.006729841232299805,0.014613151550292969,0.0011548995971679688,0.022497892379760742,38,3,41,27,383,559,8780
all9/randm04.02.02.18.020_0030.05.aba.beta,True,3,4,0.005400419235229492,0.011257410049438477,0.001165628433227539,0.017823457717895508,23,3,24,21,80,547,8625
all9/randm04.02.02.19.020_0030.01.aba.beta,True,2,3,0.003624439239501953,0.007348537445068359,0.0011534690856933594,0.012126445770263672,24,2,25,19,120,541,8599
all9/randm04.02.02.19.020_0030.02.aba.beta,True,2,3,0.0043103694915771484,0.007906675338745117,0.001201629638671875,0.01341867446899414,28,2,29,23,186,553,8685
all9/randm04.02.02.19.020_0030.03.aba.beta,True,2,3,0.003381490707397461,0.006574153900146484,0.001140594482421875,0.01109623908996582,23,2,25,16,114,537,8585
all9/randm04.02.02.19.020_0030.04.aba.beta,True,2,3,0.0030145645141601562,0.007050514221191406,0.0011377334594726562,0.011202812194824219,20,2,22,15,80,538,8589
all9/randm04.02.02.19.020_0030.05.aba.beta,True,3,3,0.005144596099853516,0.012559652328491211,0.0016078948974609375,0.019312143325805664,27,3,27,22,209,563,8791
all9/randm05.02.02.01.020_0030.01.aba.beta,True,2,3,0.002760171890258789,0.005546092987060547,0.0011556148529052734,0.00946187973022461,18,2,18,13,59,536,8566
all9/randm05.02.02.01.020_0030.02.aba.beta,True,2,3,0.002849578857421875,0.006426811218261719,0.0011560916900634766,0.01043248176574707,18,2,18,14,59,542,8607
all9/randm05.02.02.01.020_0030.03.aba.beta,True,3,3,0.0052144527435302734,0.009335994720458984,0.001161813735961914,0.015712261199951172,18,3,20,14,71,557,8677
all9/randm05.02.02.01.020_0030.04.aba.beta,True,2,3,0.002142190933227539,0.00580596923828125,0.001148223876953125,0.009096384048461914,10,2,10,10,21,537,8578
all9/randm05.02.02.01.020_0030.05.aba.beta,True,2,3,0.0020904541015625,0.005549907684326172,0.0011403560638427734,0.008780717849731445,10,2,10,10,21,525,8509
all9/randm05.02.02.02.020_0030.01.aba.beta,True,2,3,0.0027008056640625,0.00525975227355957,0.0011985301971435547,0.009159088134765625,12,2,12,10,29,524,8509
all9/randm05.02.02.02.020_0030.02.aba.beta,True,2,3,0.0032949447631835938,0.006139278411865234,0.0011782646179199219,0.01061248779296875,28,2,28,17,165,544,8631
all9/randm05.02.02.02.020_0030.03.aba.beta,True,2,3,0.005480527877807617,0.007632017135620117,0.0015482902526855469,0.014660835266113281,34,2,34,26,273,544,8682
all9/randm05.02.02.02.020_0030.04.aba.beta,True,2,3,0.002293825149536133,0.005636453628540039,0.0012273788452148438,0.009157657623291016,11,2,11,11,25,537,8583
all9/randm05.02.02.02.020_0030.05.aba.beta,True,2,3,0.0024106502532958984,0.0051898956298828125,0.0011134147644042969,0.008713960647583008,11,2,11,11,25,535,8572
all9/randm05.02.02.03.020_0030.01.aba.beta,True,1,1,0.0010683536529541016,0.0017457008361816406,0.0013668537139892578,0.004180908203125,3,1,3,3,2,543,8619
all9/randm05.02.02.03.020_0030.02.aba.beta,True,1,1,0.0006148815155029297,0.0020627975463867188,0.0011959075927734375,0.003873586654663086,3,1,3,3,2,538,8597
all9/randm05.02.02.03.020_0030.03.aba.beta,True,1,1,0.0006008148193359375,0.0018694400787353516,0.0011050701141357422,0.0035753250122070312,3,1,3,3,2,537,8598
all9/randm05.02.02.03.020_0030.04.aba.beta,True,1,1,0.0005857944488525391,0.0018794536590576172,0.0012161731719970703,0.0036814212799072266,3,1,3,3,2,534,8583
all9/randm05.02.02.03.020_0030.05.aba.beta,True,1,1,0.0011096000671386719,0.0019736289978027344,0.0011086463928222656,0.004191875457763672,3,1,3,3,2,521,8531
all9/randm05.02.02.04.020_0030.01.aba.beta,True,5,5,0.012259244918823242,0.03029632568359375,0.0013604164123535156,0.04391598701477051,62,4,63,50,508,666,10324
all9/randm05.02.02.04.020_0030.02.aba.beta,True,4,5,0.011332035064697266,0.019156455993652344,0.0012280941009521484,0.03171658515930176,49,4,55,30,326,591,9164
all9/randm05.02.02.04.020_0030.03.aba.beta,True,3,5,0.008134603500366211,0.016040802001953125,0.0013132095336914062,0.025488615036010742,45,3,50,29,375,578,8874
all9/randm05.02.02.04.020_0030.04.aba.beta,True,6,5,0.010034561157226562,0.03502345085144043,0.001577138900756836,0.04663515090942383,31,5,31,30,176,629,9701
all9/randm05.02.02.04.020_0030.05.aba.beta,True,7,5,0.015245199203491211,0.04474496841430664,0.0014300346374511719,0.06142020225524902,55,7,56,44,560,671,10215
all9/randm05.02.02.05.020_0030.01.aba.beta,True,4,4,0.007668495178222656,0.02185797691345215,0.0012273788452148438,0.03075385093688965,35,4,38,26,305,576,8888
all9/randm05.02.02.05.020_0030.02.aba.beta,True,3,4,0.0050525665283203125,0.012839317321777344,0.001298666000366211,0.019190549850463867,25,3,27,18,129,545,8604
all9/randm05.02.02.05.020_0030.03.aba.beta,True,3,4,0.006996870040893555,0.010018348693847656,0.0012021064758300781,0.01821732521057129,31,3,34,16,172,544,8593
all9/randm05.02.02.05.020_0030.04.aba.beta,True,5,4,0.01039743423461914,0.026720762252807617,0.001407623291015625,0.03852581977844238,51,5,53,35,558,609,9408
all9/randm05.02.02.05.020_0030.05.aba.beta,True,3,4,0.00789189338684082,0.013827800750732422,0.0011920928955078125,0.022911787033081055,43,3,44,34,468,565,8843
all9/randm05.02.02.06.020_0030.01.aba.beta,True,7,5,0.013738155364990234,0.04341721534729004,0.0015654563903808594,0.05872082710266113,53,6,56,33,369,696,10644
all9/randm05.02.02.06.020_0030.02.aba.beta,True,7,5,0.015776872634887695,0.048191070556640625,0.0014967918395996094,0.06546473503112793,71,6,73,57,669,694,10504
all9/randm05.02.02.06.020_0030.03.aba.beta,True,5,5,0.011686325073242188,0.034914255142211914,0.0012235641479492188,0.04782414436340332,44,4,45,34,338,572,8856
all9/randm05.02.02.06.020_0030.04.aba.beta,True,8,5,0.01936197280883789,0.13346314430236816,0.0017540454864501953,0.15457916259765625,97,7,100,70,949,785,11923
all9/randm05.02.02.06.020_0030.05.aba.beta,True,6,5,0.01187276840209961,0.03351449966430664,0.0012776851654052734,0.04666495323181152,53,5,54,33,444,597,9058
all9/randm05.02.02.07.020_0030.01.aba.beta,True,6,5,0.01532745361328125,0.07000494003295898,0.0016798973083496094,0.08701229095458984,101,5,103,86,1151,781,12051
all9/randm05.02.02.07.020_0030.02.aba.beta,True,9,5,0.02340531349182129,0.08416175842285156,0.0017850399017333984,0.10935211181640625,91,8,93,80,1073,847,12905
all9/randm05.02.02.07.020_0030.03.aba.beta,True,9,5,0.019147157669067383,0.06878876686096191,0.0016887187957763672,0.08962464332580566,75,8,79,63,724,776,11786
all9/randm05.02.02.07.020_0030.04.aba.beta,True,8,5,0.018677473068237305,0.11043858528137207,0.002226114273071289,0.13134217262268066,110,7,110,91,1251,997,15403
all9/randm05.02.02.07.020_0030.05.aba.beta,True,6,5,0.014002561569213867,0.057869911193847656,0.0017008781433105469,0.07357335090637207,90,5,93,70,954,770,11921
all9/randm05.02.02.08.020_0030.01.aba.beta,True,2,3,0.0034227371215820312,0.0076258182525634766,0.0011827945709228516,0.01223134994506836,17,2,17,12,54,530,8539
all9/randm05.02.02.08.020_0030.02.aba.beta,True,2,3,0.0030634403228759766,0.0069200992584228516,0.0011875629425048828,0.011171102523803711,18,2,18,14,64,546,8621
all9/randm05.02.02.08.020_0030.03.aba.beta,True,2,3,0.0026268959045410156,0.006308317184448242,0.0012357234954833984,0.010170936584472656,14,2,14,10,34,539,8597
all9/randm05.02.02.08.020_0030.04.aba.beta,True,2,3,0.003186464309692383,0.005888462066650391,0.0011739730834960938,0.010248899459838867,13,2,13,12,30,539,8597
all9/randm05.02.02.08.020_0030.05.aba.beta,True,2,3,0.003696918487548828,0.0065784454345703125,0.001148223876953125,0.011423587799072266,17,2,17,14,54,545,8613
all9/randm05.02.02.09.020_0030.01.aba.beta,True,5,4,0.009751558303833008,0.03065967559814453,0.0014967918395996094,0.04190802574157715,61,4,62,49,702,649,10132
all9/randm05.02.02.09.020_0030.02.aba.beta,True,2,4,0.004761695861816406,0.00988459587097168,0.0012433528900146484,0.015889644622802734,42,2,43,22,265,553,8681
all9/randm05.02.02.09.020_0030.03.aba.beta,True,2,4,0.003650188446044922,0.007071256637573242,0.0011970996856689453,0.01191854476928711,19,2,20,12,71,546,8624
all9/randm05.02.02.09.020_0030.04.aba.beta,True,3,4,0.005906581878662109,0.011791467666625977,0.0011944770812988281,0.018892526626586914,23,3,31,14,101,550,8635
all9/randm05.02.02.09.020_0030.05.aba.beta,True,5,4,0.009081840515136719,0.020032167434692383,0.0012013912200927734,0.030315399169921875,22,5,22,16,95,566,8719
all9/randm05.02.02.10.020_0030.01.aba.beta,True,6,5,0.014232158660888672,0.03293895721435547,0.0013015270233154297,0.04847264289855957,55,6,65,40,603,607,9355
all9/randm05.02.02.10.020_0030.02.aba.beta,True,5,5,0.01071786880493164,0.03194236755371094,0.0012807846069335938,0.04394102096557617,63,4,72,41,745,594,9154
all9/randm05.02.02.10.020_0030.03.aba.beta,True,5,5,0.013118267059326172,0.03161191940307617,0.0014247894287109375,0.04615497589111328,50,5,60,31,462,592,9073
all9/randm05.02.02.10.020_0030.04.aba.beta,True,4,5,0.010005950927734375,0.023591041564941406,0.0023956298828125,0.03599262237548828,51,4,72,32,345,1088,17281
all9/randm05.02.02.10.020_0030.05.aba.beta,True,8,5,0.013283729553222656,0.04849123954772949,0.0019986629486083984,0.06377363204956055,44,6,45,34,318,948,14866
all9/randm05.02.02.11.020_0030.01.aba.beta,True,4,5,0.00893712043762207,0.017805814743041992,0.0030972957611083984,0.02984023094177246,40,4,44,28,200,1214,19034
all9/randm05.02.02.11.020_0030.02.aba.beta,True,4,5,0.009521722793579102,0.01860785484313965,0.002443552017211914,0.030573129653930664,45,4,49,32,282,1134,18070
all9/randm05.02.02.11.020_0030.03.aba.beta,True,5,5,0.011580228805541992,0.02782750129699707,0.0013463497161865234,0.040754079818725586,71,5,73,55,792,610,9519
all9/randm05.02.02.11.020_0030.04.aba.beta,True,4,5,0.008973836898803711,0.01985478401184082,0.0011944770812988281,0.03002309799194336,59,4,60,38,668,592,9262
all9/randm05.02.02.11.020_0030.05.aba.beta,True,4,5,0.008358478546142578,0.017639875411987305,0.0027132034301757812,0.028711557388305664,39,4,41,28,190,1194,18929
all9/randm05.02.02.12.020_0030.01.aba.beta,True,2,3,0.0027031898498535156,0.006681680679321289,0.00122833251953125,0.010613203048706055,14,2,14,12,37,542,8611
all9/randm05.02.02.12.020_0030.02.aba.beta,True,2,3,0.0026187896728515625,0.006712198257446289,0.0012462139129638672,0.010577201843261719,16,2,17,13,57,546,8628
all9/randm05.02.02.12.020_0030.03.aba.beta,True,5,3,0.006718158721923828,0.020444869995117188,0.0013167858123779297,0.028479814529418945,34,5,34,30,399,587,9156
all9/randm05.02.02.12.020_0030.04.aba.beta,True,2,3,0.0027000904083251953,0.006812095642089844,0.0013232231140136719,0.010835409164428711,15,2,16,12,48,547,8625
all9/randm05.02.02.12.020_0030.05.aba.beta,True,3,3,0.0050432682037353516,0.011825799942016602,0.0012774467468261719,0.018146514892578125,29,3,30,25,205,588,9202
all9/randm05.02.02.13.020_0030.01.aba.beta,True,3,5,0.0063018798828125,0.012224674224853516,0.0013277530670166016,0.019854307174682617,34,3,40,25,144,541,8576
all9/randm05.02.02.13.020_0030.02.aba.beta,True,5,5,0.015783309936523438,0.028944969177246094,0.0013270378112792969,0.04605531692504883,79,5,84,42,811,601,9308
all9/randm05.02.02.13.020_0030.03.aba.beta,True,3,5,0.008963346481323242,0.01582932472229004,0.0011875629425048828,0.025980234146118164,70,3,74,37,805,570,8829
all9/randm05.02.02.13.020_0030.04.aba.beta,True,3,5,0.005021333694458008,0.01782083511352539,0.0011799335479736328,0.02402210235595703,44,2,45,35,321,555,8771
all9/randm05.02.02.13.020_0030.05.aba.beta,True,3,5,0.006361961364746094,0.012355804443359375,0.0011212825775146484,0.019839048385620117,35,3,40,24,143,548,8613
all9/randm05.02.02.14.020_0030.01.aba.beta,True,1,1,0.000583648681640625,0.0017614364624023438,0.001194000244140625,0.0035390853881835938,3,1,3,3,2,531,8569
all9/randm05.02.02.14.020_0030.02.aba.beta,True,1,1,0.0006084442138671875,0.0019948482513427734,0.0011479854583740234,0.0037512779235839844,3,1,3,3,2,530,8565
all9/randm05.02.02.14.020_0030.03.aba.beta,True,1,1,0.0005838871002197266,0.001980304718017578,0.0012359619140625,0.0038001537322998047,3,1,3,3,2,541,8613
all9/randm05.02.02.14.020_0030.04.aba.beta,True,1,1,0.0005857944488525391,0.0017948150634765625,0.0011453628540039062,0.003525972366333008,3,1,3,3,2,532,8544
all9/randm05.02.02.14.020_0030.05.aba.beta,True,1,1,0.0006372928619384766,0.001821756362915039,0.0011334419250488281,0.0035924911499023438,3,1,3,3,2,530,8544
all9/randm05.02.02.15.020_0030.01.aba.beta,True,2,3,0.0037038326263427734,0.007483959197998047,0.0011739730834960938,0.012361764907836914,23,2,24,18,120,537,8584
all9/randm05.02.02.15.020_0030.02.aba.beta,True,2,3,0.0026547908782958984,0.006526470184326172,0.0012295246124267578,0.010410785675048828,17,2,18,15,56,542,8602
all9/randm05.02.02.15.020_0030.03.aba.beta,True,2,3,0.002849578857421875,0.006505489349365234,0.001081705093383789,0.010436773300170898,18,2,20,14,63,540,8590
all9/randm05.02.02.15.020_0030.04.aba.beta,True,2,3,0.0038995742797851562,0.006890058517456055,0.0011813640594482422,0.011970996856689453,24,2,25,18,135,546,8654
all9/randm05.02.02.15.020_0030.05.aba.beta,True,2,3,0.003014802932739258,0.009260892868041992,0.0012156963348388672,0.013491392135620117,21,2,22,17,93,549,8644
all9/randm05.02.02.16.020_0030.01.aba.beta,True,1,1,0.000583648681640625,0.0022058486938476562,0.0011827945709228516,0.003972291946411133,3,1,3,3,2,534,8587
all9/randm05.02.02.16.020_0030.02.aba.beta,True,1,1,0.0008213520050048828,0.0017647743225097656,0.0011785030364990234,0.003764629364013672,3,1,3,3,2,540,8611
all9/randm05.02.02.16.020_0030.03.aba.beta,True,1,1,0.0011065006256103516,0.0019042491912841797,0.0012068748474121094,0.004217624664306641,3,1,3,3,2,534,8572
all9/randm05.02.02.16.020_0030.04.aba.beta,True,1,1,0.0006666183471679688,0.0022318363189697266,0.0011010169982910156,0.003999471664428711,3,1,3,3,2,543,8622
all9/randm05.02.02.16.020_0030.05.aba.beta,True,1,1,0.0005748271942138672,0.0018239021301269531,0.0012176036834716797,0.0036163330078125,3,1,3,3,2,543,8624
all9/randm05.02.02.17.020_0030.01.aba.beta,True,4,5,0.011696815490722656,0.01912379264831543,0.0013916492462158203,0.032212257385253906,30,4,33,29,168,607,9538
all9/randm05.02.02.17.020_0030.02.aba.beta,True,3,5,0.005951881408691406,0.011177539825439453,0.0011229515075683594,0.01825237274169922,20,3,23,17,63,544,8601
all9/randm05.02.02.17.020_0030.03.aba.beta,True,6,5,0.009094476699829102,0.0384521484375,0.0012331008911132812,0.04877972602844238,43,4,43,31,387,580,8956
all9/randm05.02.02.17.020_0030.04.aba.beta,True,6,5,0.013416767120361328,0.0463564395904541,0.0017364025115966797,0.06150960922241211,83,5,85,69,879,822,12738
all9/randm05.02.02.17.020_0030.05.aba.beta,True,4,5,0.009418725967407227,0.02547907829284668,0.0013315677642822266,0.03622937202453613,73,3,75,56,750,635,9891
all9/randm05.02.02.18.020_0030.01.aba.beta,True,1,1,0.0011358261108398438,0.0018754005432128906,0.0012667179107666016,0.004277944564819336,3,1,3,3,2,534,8577
all9/randm05.02.02.18.020_0030.02.aba.beta,True,1,1,0.0005958080291748047,0.0017619132995605469,0.0011508464813232422,0.0035085678100585938,3,1,3,3,2,535,8592
all9/randm05.02.02.18.020_0030.03.aba.beta,True,1,1,0.0006144046783447266,0.0018184185028076172,0.0011186599731445312,0.003551483154296875,3,1,3,3,2,529,8564
all9/randm05.02.02.18.020_0030.04.aba.beta,True,1,1,0.0006177425384521484,0.0017178058624267578,0.00122833251953125,0.0035638809204101562,3,1,3,3,2,523,8497
all9/randm05.02.02.18.020_0030.05.aba.beta,True,1,1,0.0005936622619628906,0.0017235279083251953,0.0011739730834960938,0.0034911632537841797,3,1,3,3,2,533,8555
all9/randm05.02.02.19.020_0030.01.aba.beta,True,2,3,0.0022995471954345703,0.00568079948425293,0.0011534690856933594,0.00913381576538086,9,2,9,9,17,543,8612
all9/randm05.02.02.19.020_0030.02.aba.beta,True,2,3,0.0022995471954345703,0.008155345916748047,0.0011601448059082031,0.01161503791809082,9,2,9,9,17,548,8631
all9/randm05.02.02.19.020_0030.03.aba.beta,True,2,3,0.002966165542602539,0.006402254104614258,0.0011773109436035156,0.010545730590820312,18,2,18,15,77,537,8592
all9/randm05.02.02.19.020_0030.04.aba.beta,True,2,3,0.0031020641326904297,0.006027936935424805,0.0011780261993408203,0.010308027267456055,14,2,15,11,44,536,8571
all9/randm05.02.02.19.020_0030.05.aba.beta,True,2,3,0.0023136138916015625,0.007847070693969727,0.0011758804321289062,0.011336565017700195,9,2,9,9,17,528,8538
all9/randm06.02.02.01.020_0030.01.aba.beta,True,2,4,0.004863739013671875,0.009298086166381836,0.0011930465698242188,0.01535487174987793,36,2,40,28,287,556,8740
all9/randm06.02.02.01.020_0030.02.aba.beta,True,2,4,0.003822803497314453,0.008081674575805664,0.0012025833129882812,0.013107061386108398,27,2,31,20,116,545,8623
all9/randm06.02.02.01.020_0030.03.aba.beta,True,2,4,0.004289150238037109,0.007710456848144531,0.0011963844299316406,0.013195991516113281,31,2,35,23,173,551,8671
all9/randm06.02.02.01.020_0030.04.aba.beta,True,3,4,0.00629878044128418,0.01343393325805664,0.0011410713195800781,0.0208737850189209,38,3,44,27,271,549,8665
all9/randm06.02.02.01.020_0030.05.aba.beta,True,4,4,0.010695695877075195,0.023568153381347656,0.001374959945678711,0.03563880920410156,62,4,65,54,807,655,10147
all9/randm06.02.02.02.020_0030.01.aba.beta,True,2,3,0.0026445388793945312,0.005667209625244141,0.001199483871459961,0.009511232376098633,10,2,10,10,21,540,8590
all9/randm06.02.02.02.020_0030.02.aba.beta,True,2,3,0.0030150413513183594,0.0062944889068603516,0.0011622905731201172,0.010471820831298828,18,2,19,13,76,521,8482
all9/randm06.02.02.02.020_0030.03.aba.beta,True,2,3,0.002939462661743164,0.007118701934814453,0.0011012554168701172,0.011159420013427734,22,2,23,18,130,548,8665
all9/randm06.02.02.02.020_0030.04.aba.beta,True,2,3,0.003418445587158203,0.006365299224853516,0.00115203857421875,0.010935783386230469,20,2,21,16,101,547,8639
all9/randm06.02.02.02.020_0030.05.aba.beta,True,2,3,0.0026595592498779297,0.0062029361724853516,0.0011687278747558594,0.01003122329711914,10,2,10,10,21,541,8600
all9/randm06.02.02.03.020_0030.01.aba.beta,True,4,5,0.008005857467651367,0.01520228385925293,0.0019371509552001953,0.025145292282104492,37,4,37,23,164,879,13800
all9/randm06.02.02.03.020_0030.02.aba.beta,True,4,5,0.007829904556274414,0.017212867736816406,0.0029714107513427734,0.028014183044433594,34,4,35,24,155,1033,16340
all9/randm06.02.02.03.020_0030.03.aba.beta,True,4,5,0.007865667343139648,0.01598381996154785,0.001329183578491211,0.02517867088317871,49,4,49,23,255,557,8653
all9/randm06.02.02.03.020_0030.04.aba.beta,True,5,5,0.009645938873291016,0.0217587947845459,0.001222848892211914,0.03262758255004883,40,5,41,24,200,565,8690
all9/randm06.02.02.03.020_0030.05.aba.beta,True,5,5,0.012567758560180664,0.02668285369873047,0.0023338794708251953,0.04158449172973633,53,5,53,42,412,1010,15794
all9/randm06.02.02.04.020_0030.01.aba.beta,True,1,1,0.0011303424835205078,0.0019083023071289062,0.0012090206146240234,0.0042476654052734375,3,1,3,3,2,525,8535
all9/randm06.02.02.04.020_0030.02.aba.beta,True,1,1,0.0013577938079833984,0.0017554759979248047,0.001252889633178711,0.004366159439086914,3,1,3,3,2,531,8571
all9/randm06.02.02.04.020_0030.03.aba.beta,True,1,1,0.0006208419799804688,0.001964569091796875,0.001194000244140625,0.0037794113159179688,3,1,3,3,2,535,8590
all9/randm06.02.02.04.020_0030.04.aba.beta,True,1,1,0.000843048095703125,0.001962900161743164,0.001241922378540039,0.004047870635986328,3,1,3,3,2,532,8555
all9/randm06.02.02.04.020_0030.05.aba.beta,True,1,1,0.0005967617034912109,0.0018334388732910156,0.0011239051818847656,0.003554105758666992,3,1,3,3,2,525,8541
all9/randm06.02.02.05.020_0030.01.aba.beta,True,8,5,0.012291908264160156,0.06770062446594238,0.0012447834014892578,0.0812373161315918,54,6,54,30,341,603,9248
all9/randm06.02.02.05.020_0030.02.aba.beta,True,6,5,0.008302450180053711,0.03255867958068848,0.0011830329895019531,0.04204416275024414,60,4,60,36,455,578,8895
all9/randm06.02.02.05.020_0030.03.aba.beta,True,2,5,0.008069992065429688,0.010339975357055664,0.001154184341430664,0.019564151763916016,32,2,38,24,137,551,8642
all9/randm06.02.02.05.020_0030.04.aba.beta,True,2,5,0.004601478576660156,0.009282112121582031,0.0011458396911621094,0.015029430389404297,36,2,40,21,166,534,8572
all9/randm06.02.02.05.020_0030.05.aba.beta,True,5,5,0.017833948135375977,0.042421579360961914,0.0014171600341796875,0.06167268753051758,84,4,85,65,915,661,10196
all9/randm06.02.02.06.020_0030.01.aba.beta,True,9,5,0.016490697860717773,0.10406875610351562,0.0014050006866455078,0.1219644546508789,84,7,91,61,805,696,10566
all9/randm06.02.02.06.020_0030.02.aba.beta,True,9,5,0.022616147994995117,0.08069801330566406,0.0015082359313964844,0.10482239723205566,95,7,106,69,964,696,10468
all9/randm06.02.02.06.020_0030.03.aba.beta,True,3,5,0.014588356018066406,0.021541833877563477,0.0012280941009521484,0.03735828399658203,81,3,115,42,823,581,9137
all9/randm06.02.02.06.020_0030.04.aba.beta,True,7,5,0.024295568466186523,0.06042885780334473,0.001577615737915039,0.08630204200744629,89,7,99,66,992,769,11728
all9/randm06.02.02.06.020_0030.05.aba.beta,True,9,5,0.017661094665527344,0.07840633392333984,0.0016927719116210938,0.09776020050048828,79,7,80,59,628,805,12256
all9/randm06.02.02.07.020_0030.01.aba.beta,True,5,5,0.008840560913085938,0.025145530700683594,0.0012326240539550781,0.03521871566772461,47,4,52,29,230,584,9122
all9/randm06.02.02.07.020_0030.02.aba.beta,True,5,5,0.009829998016357422,0.029718399047851562,0.0012569427490234375,0.04080533981323242,54,4,57,36,426,570,8793
all9/randm06.02.02.07.020_0030.03.aba.beta,True,7,5,0.014835119247436523,0.041695594787597656,0.0013446807861328125,0.05787539482116699,73,6,73,53,678,632,9508
all9/randm06.02.02.07.020_0030.04.aba.beta,True,7,5,0.010627508163452148,0.03674650192260742,0.0013113021850585938,0.048685312271118164,44,5,44,38,362,583,9081
all9/randm06.02.02.07.020_0030.05.aba.beta,True,5,5,0.009247541427612305,0.027991771697998047,0.0013818740844726562,0.03862118721008301,49,4,50,44,295,596,9240
all9/randm06.02.02.08.020_0030.01.aba.beta,True,4,4,0.012327194213867188,0.017581462860107422,0.0012288093566894531,0.031137466430664062,37,4,37,30,277,576,8852
all9/randm06.02.02.08.020_0030.02.aba.beta,True,3,4,0.005331993103027344,0.010796070098876953,0.0011179447174072266,0.017246007919311523,26,3,26,19,107,540,8582
all9/randm06.02.02.08.020_0030.03.aba.beta,True,3,4,0.005296468734741211,0.010527849197387695,0.0012009143829345703,0.017025232315063477,15,3,15,14,37,532,8521
all9/randm06.02.02.08.020_0030.04.aba.beta,True,3,4,0.004679679870605469,0.010127067565917969,0.0011570453643798828,0.01596379280090332,14,3,14,14,33,537,8579
all9/randm06.02.02.08.020_0030.05.aba.beta,True,3,4,0.006221771240234375,0.01465749740600586,0.001199960708618164,0.0220792293548584,37,3,37,30,316,581,8953
all9/randm06.02.02.09.020_0030.01.aba.beta,True,6,5,0.013797283172607422,0.03974795341491699,0.0016636848449707031,0.05520892143249512,77,5,82,62,807,748,11664
all9/randm06.02.02.09.020_0030.02.aba.beta,True,4,5,0.0076787471771240234,0.02608942985534668,0.0012476444244384766,0.03501582145690918,52,3,52,43,562,563,8942
all9/randm06.02.02.09.020_0030.03.aba.beta,True,4,5,0.007811784744262695,0.025043725967407227,0.0012297630310058594,0.03408527374267578,55,3,55,43,626,580,9088
all9/randm06.02.02.09.020_0030.04.aba.beta,True,4,5,0.012519598007202148,0.0256044864654541,0.0014560222625732422,0.03958010673522949,87,4,90,41,776,614,9672
all9/randm06.02.02.09.020_0030.05.aba.beta,True,7,5,0.013037681579589844,0.04858708381652832,0.002129077911376953,0.06375384330749512,60,5,72,35,511,917,14394
all9/randm06.02.02.10.020_0030.01.aba.beta,True,3,4,0.005399942398071289,0.0108184814453125,0.0011794567108154297,0.01739788055419922,21,3,21,19,68,547,8613
all9/randm06.02.02.10.020_0030.02.aba.beta,True,3,4,0.005419254302978516,0.011788129806518555,0.0012009143829345703,0.01840829849243164,30,3,31,21,177,557,8689
all9/randm06.02.02.10.020_0030.03.aba.beta,True,3,4,0.0050525665283203125,0.011464595794677734,0.0011706352233886719,0.01768779754638672,28,3,29,18,139,544,8586
all9/randm06.02.02.10.020_0030.04.aba.beta,True,3,4,0.00604701042175293,0.013915300369262695,0.0012526512145996094,0.021214962005615234,41,3,43,31,397,571,8857
all9/randm06.02.02.10.020_0030.05.aba.beta,True,3,4,0.005988121032714844,0.010843515396118164,0.0011093616485595703,0.017940998077392578,20,3,20,16,65,550,8631
all9/randm06.02.02.11.020_0030.01.aba.beta,True,4,6,0.011606693267822266,0.04416036605834961,0.001321554183959961,0.057088613510131836,74,3,78,51,748,628,9827
all9/randm06.02.02.11.020_0030.02.aba.beta,True,8,6,0.02286529541015625,0.13194656372070312,0.0016865730285644531,0.15649843215942383,90,7,101,57,910,792,12145
all9/randm06.02.02.11.020_0030.03.aba.beta,True,9,6,0.01658034324645996,0.20343995094299316,0.0014715194702148438,0.22149181365966797,82,6,87,56,729,655,10016
all9/randm06.02.02.11.020_0030.04.aba.beta,True,10,6,0.02396535873413086,0.1598191261291504,0.0016677379608154297,0.18545222282409668,81,8,97,54,740,697,10479
all9/randm06.02.02.11.020_0030.05.aba.beta,True,9,6,0.018767118453979492,0.09612727165222168,0.0016546249389648438,0.11654901504516602,96,6,107,72,1013,770,11672
all9/randm06.02.02.12.020_0030.01.aba.beta,True,3,4,0.005422353744506836,0.011385202407836914,0.0012178421020507812,0.01802539825439453,32,3,32,19,175,558,8673
all9/randm06.02.02.12.020_0030.02.aba.beta,True,4,4,0.007141828536987305,0.015507221221923828,0.0011966228485107422,0.023845672607421875,42,4,42,24,364,559,8740
all9/randm06.02.02.12.020_0030.03.aba.beta,True,4,4,0.006170034408569336,0.01527547836303711,0.001157999038696289,0.022603511810302734,31,4,31,24,191,557,8725
all9/randm06.02.02.12.020_0030.04.aba.beta,True,3,4,0.007242918014526367,0.01377248764038086,0.0011796951293945312,0.022195100784301758,34,3,34,21,220,561,8699
all9/randm06.02.02.12.020_0030.05.aba.beta,True,3,4,0.005537748336791992,0.011756658554077148,0.0012402534484863281,0.01853466033935547,35,3,35,22,230,564,8720
all9/randm06.02.02.13.020_0030.01.aba.beta,True,4,4,0.008594989776611328,0.02241992950439453,0.0012519359588623047,0.032266855239868164,51,4,51,39,527,603,9461
all9/randm06.02.02.13.020_0030.02.aba.beta,True,3,4,0.006906270980834961,0.016863107681274414,0.0013654232025146484,0.025134801864624023,55,3,55,44,559,604,9462
all9/randm06.02.02.13.020_0030.03.aba.beta,True,2,4,0.004069328308105469,0.007848978042602539,0.0011241436004638672,0.013042449951171875,27,2,27,19,131,540,8590
all9/randm06.02.02.13.020_0030.04.aba.beta,True,3,4,0.006414890289306641,0.01621270179748535,0.0012006759643554688,0.02382826805114746,47,3,47,36,519,580,9068
all9/randm06.02.02.13.020_0030.05.aba.beta,True,2,4,0.0042247772216796875,0.008457183837890625,0.0011343955993652344,0.013816356658935547,32,2,32,23,199,542,8636
all9/randm06.02.02.14.020_0030.01.aba.beta,True,8,6,0.01779913902282715,0.05090165138244629,0.0012722015380859375,0.06997299194335938,67,7,67,44,759,622,9515
all9/randm06.02.02.14.020_0030.02.aba.beta,True,8,6,0.01622486114501953,0.041839599609375,0.0013971328735351562,0.05946159362792969,63,7,66,31,485,614,9249
all9/randm06.02.02.14.020_0030.03.aba.beta,True,6,6,0.014999151229858398,0.05182909965515137,0.0012485980987548828,0.06807684898376465,66,5,71,29,372,580,9050
all9/randm06.02.02.14.020_0030.04.aba.beta,True,6,6,0.01615452766418457,0.05664539337158203,0.0012347698211669922,0.0740346908569336,73,5,79,45,598,585,8967
all9/randm06.02.02.14.020_0030.05.aba.beta,True,4,6,0.011443138122558594,0.02492499351501465,0.0012183189392089844,0.03758645057678223,59,4,67,34,340,588,9104
all9/randm06.02.02.15.020_0030.01.aba.beta,True,2,5,0.004789590835571289,0.02014923095703125,0.0011150836944580078,0.026053905487060547,37,2,38,17,245,541,8619
all9/randm06.02.02.15.020_0030.02.aba.beta,True,7,5,0.019837379455566406,0.0516359806060791,0.0017361640930175781,0.07320952415466309,71,7,71,48,668,809,12291
all9/randm06.02.02.15.020_0030.03.aba.beta,True,4,5,0.008863210678100586,0.024894237518310547,0.0012998580932617188,0.03505730628967285,48,4,53,35,383,576,8921
all9/randm06.02.02.15.020_0030.04.aba.beta,True,4,5,0.012119770050048828,0.0235595703125,0.0014116764068603516,0.03709101676940918,54,4,58,34,467,582,8945
all9/randm06.02.02.15.020_0030.05.aba.beta,True,4,5,0.01158595085144043,0.03449058532714844,0.001203775405883789,0.047280311584472656,82,4,85,45,860,604,9408
all9/randm06.02.02.16.020_0030.01.aba.beta,True,2,3,0.0051727294921875,0.007906198501586914,0.0011475086212158203,0.014226436614990234,16,2,17,13,46,529,8513
all9/randm06.02.02.16.020_0030.02.aba.beta,True,2,3,0.004738569259643555,0.006745576858520508,0.0011806488037109375,0.012664794921875,19,2,20,15,76,545,8630
all9/randm06.02.02.16.020_0030.03.aba.beta,True,2,3,0.0027260780334472656,0.006133556365966797,0.002285003662109375,0.011144638061523438,10,2,10,10,19,837,13591
all9/randm06.02.02.16.020_0030.04.aba.beta,True,2,3,0.002377033233642578,0.006384849548339844,0.0018105506896972656,0.010572433471679688,10,2,10,10,19,838,13337
all9/randm06.02.02.16.020_0030.05.aba.beta,True,2,3,0.0030889511108398438,0.006784915924072266,0.0012278556823730469,0.011101722717285156,18,2,19,15,65,550,8643
all9/randm06.02.02.17.020_0030.01.aba.beta,True,3,4,0.0058786869049072266,0.015133142471313477,0.0011210441589355469,0.02213287353515625,34,3,36,24,175,552,8664
all9/randm06.02.02.17.020_0030.02.aba.beta,True,3,4,0.0057392120361328125,0.013609170913696289,0.0013117790222167969,0.0206601619720459,29,3,33,20,146,557,8666
all9/randm06.02.02.17.020_0030.03.aba.beta,True,3,4,0.0058917999267578125,0.012149810791015625,0.0011484622955322266,0.019190073013305664,35,3,40,24,237,557,8711
all9/randm06.02.02.17.020_0030.04.aba.beta,True,3,4,0.005330562591552734,0.010365486145019531,0.0011031627655029297,0.016799211502075195,29,3,30,16,135,544,8613
all9/randm06.02.02.17.020_0030.05.aba.beta,True,3,4,0.004883527755737305,0.013310670852661133,0.0012028217315673828,0.01939702033996582,15,3,15,14,36,538,8568
all9/randm06.02.02.18.020_0030.01.aba.beta,True,5,6,0.016031265258789062,0.03572344779968262,0.0012063980102539062,0.052961111068725586,101,5,117,46,873,595,9065
all9/randm06.02.02.18.020_0030.02.aba.beta,True,5,6,0.009929656982421875,0.022654056549072266,0.001712799072265625,0.034296512603759766,49,3,51,29,218,541,8592
all9/randm06.02.02.18.020_0030.03.aba.beta,True,5,6,0.016101837158203125,0.026575803756713867,0.0012066364288330078,0.04388427734375,85,5,89,47,799,599,9255
all9/randm06.02.02.18.020_0030.04.aba.beta,True,10,6,0.02416849136352539,0.0982503890991211,0.0014154911041259766,0.12383437156677246,101,9,103,53,928,693,10513
all9/randm06.02.02.18.020_0030.05.aba.beta,True,7,6,0.01856541633605957,0.051717519760131836,0.0012760162353515625,0.07155895233154297,84,6,85,62,831,629,9666
all9/randm06.02.02.19.020_0030.01.aba.beta,True,1,1,0.0006206035614013672,0.0021147727966308594,0.0011529922485351562,0.003888368606567383,3,1,3,3,2,533,8572
all9/randm06.02.02.19.020_0030.02.aba.beta,True,1,1,0.0006153583526611328,0.0019011497497558594,0.0011191368103027344,0.0036356449127197266,3,1,3,3,2,537,8597
all9/randm06.02.02.19.020_0030.03.aba.beta,True,1,1,0.0006201267242431641,0.0021309852600097656,0.0010955333709716797,0.0038466453552246094,3,1,3,3,2,533,8578
all9/randm06.02.02.19.020_0030.04.aba.beta,True,1,1,0.0006077289581298828,0.0019562244415283203,0.0013408660888671875,0.0039048194885253906,3,1,3,3,2,523,8524
all9/randm06.02.02.19.020_0030.05.aba.beta,True,1,1,0.0005919933319091797,0.001991748809814453,0.0011436939239501953,0.003727436065673828,3,1,3,3,2,525,8527
all9/randm07.02.02.01.020_0030.01.aba.beta,True,1,1,0.0022470951080322266,0.0027112960815429688,0.001123189926147461,0.006081581115722656,3,1,3,3,2,529,8553
all9/randm07.02.02.01.020_0030.02.aba.beta,True,1,1,0.0008330345153808594,0.0021762847900390625,0.0012238025665283203,0.004233121871948242,3,1,3,3,2,526,8542
all9/randm07.02.02.01.020_0030.03.aba.beta,True,1,1,0.0005815029144287109,0.002215862274169922,0.0012481212615966797,0.0040454864501953125,3,1,3,3,2,531,8553
all9/randm07.02.02.01.020_0030.04.aba.beta,True,1,1,0.001056671142578125,0.0017139911651611328,0.0011055469512939453,0.003876209259033203,3,1,3,3,2,530,8550
all9/randm07.02.02.01.020_0030.05.aba.beta,True,1,1,0.0038695335388183594,0.0017313957214355469,0.0012335777282714844,0.006834506988525391,3,1,3,3,2,540,8609
all9/randm07.02.02.02.020_0030.01.aba.beta,True,1,1,0.0008656978607177734,0.0017800331115722656,0.0011703968048095703,0.0038161277770996094,3,1,3,3,2,535,8587
all9/randm07.02.02.02.020_0030.02.aba.beta,True,1,1,0.0008711814880371094,0.0018069744110107422,0.001123666763305664,0.0038018226623535156,3,1,3,3,2,538,8598
all9/randm07.02.02.02.020_0030.03.aba.beta,True,1,1,0.0008769035339355469,0.0017349720001220703,0.0012135505676269531,0.0038254261016845703,3,1,3,3,2,533,8583
all9/randm07.02.02.02.020_0030.04.aba.beta,True,1,1,0.0008535385131835938,0.0018739700317382812,0.001130819320678711,0.003858327865600586,3,1,3,3,2,521,8515
all9/randm07.02.02.02.020_0030.05.aba.beta,True,1,1,0.001081228256225586,0.0018205642700195312,0.001302957534790039,0.004204750061035156,3,1,3,3,2,531,8576
all9/randm07.02.02.03.020_0030.01.aba.beta,True,10,7,0.03182697296142578,0.2460956573486328,0.001331329345703125,0.2792539596557617,130,8,140,50,1175,648,9677
all9/randm07.02.02.03.020_0030.02.aba.beta,True,10,7,0.026213407516479492,0.4347677230834961,0.001363992691040039,0.4623451232910156,71,9,74,35,528,640,9358
all9/randm07.02.02.03.020_0030.03.aba.beta,True,14,7,0.04064297676086426,0.7715630531311035,0.001734018325805664,0.8139400482177734,143,11,144,82,2034,824,12479
all9/randm07.02.02.03.020_0030.04.aba.beta,True,8,7,0.020503520965576172,0.09177374839782715,0.0013740062713623047,0.11365127563476562,102,6,112,53,1033,633,9551
all9/randm07.02.02.03.020_0030.05.aba.beta,True,16,7,0.04999351501464844,0.6215271949768066,0.0016908645629882812,0.6732115745544434,178,14,187,68,1705,840,12056
all9/randm07.02.02.04.020_0030.01.aba.beta,True,5,4,0.007462978363037109,0.021515607833862305,0.0016362667083740234,0.030614852905273438,36,4,39,33,158,716,11239
all9/randm07.02.02.04.020_0030.02.aba.beta,True,6,4,0.008631467819213867,0.027859210968017578,0.0020046234130859375,0.03849530220031738,29,5,29,28,171,934,14501
all9/randm07.02.02.04.020_0030.03.aba.beta,True,7,4,0.0138702392578125,0.03330254554748535,0.00323486328125,0.05040764808654785,37,6,41,31,179,1527,24141
all9/randm07.02.02.04.020_0030.04.aba.beta,True,3,4,0.005195140838623047,0.010592460632324219,0.0015027523040771484,0.017290353775024414,22,3,26,19,66,690,11103
all9/randm07.02.02.04.020_0030.05.aba.beta,True,3,4,0.004759788513183594,0.010699272155761719,0.0014400482177734375,0.01689910888671875,22,3,26,18,66,595,9445
all9/randm07.02.02.05.020_0030.01.aba.beta,True,7,6,0.012837648391723633,0.07564711570739746,0.0013551712036132812,0.08983993530273438,73,5,75,54,529,638,9844
all9/randm07.02.02.05.020_0030.02.aba.beta,True,9,6,0.02062392234802246,0.07775640487670898,0.001622915267944336,0.10000324249267578,78,8,78,49,789,790,11904
all9/randm07.02.02.05.020_0030.03.aba.beta,True,5,6,0.012240409851074219,0.0351107120513916,0.0013589859008789062,0.04871010780334473,62,3,62,45,455,569,8962
all9/randm07.02.02.05.020_0030.04.aba.beta,True,6,6,0.010396480560302734,0.08063793182373047,0.0012581348419189453,0.09229254722595215,66,4,68,42,403,572,8807
all9/randm07.02.02.05.020_0030.05.aba.beta,True,6,6,0.013366460800170898,0.04193377494812012,0.0013518333435058594,0.056652069091796875,64,5,69,47,576,618,9409
all9/randm07.02.02.06.020_0030.01.aba.beta,True,3,4,0.005625724792480469,0.010948896408081055,0.001226663589477539,0.017801284790039062,26,3,26,20,116,544,8607
all9/randm07.02.02.06.020_0030.02.aba.beta,True,3,4,0.005254507064819336,0.011270999908447266,0.0011742115020751953,0.017699718475341797,27,3,27,20,131,550,8637
all9/randm07.02.02.06.020_0030.03.aba.beta,True,3,4,0.005011320114135742,0.010917901992797852,0.001127004623413086,0.01705622673034668,25,3,25,19,102,549,8627
all9/randm07.02.02.06.020_0030.04.aba.beta,True,3,4,0.005309581756591797,0.011879682540893555,0.0018413066864013672,0.01903057098388672,27,3,27,20,147,862,13755
all9/randm07.02.02.06.020_0030.05.aba.beta,True,3,4,0.008916139602661133,0.012658119201660156,0.0012097358703613281,0.022783994674682617,38,3,38,23,218,576,9063
all9/randm07.02.02.07.020_0030.01.aba.beta,True,8,6,0.017253637313842773,0.09884452819824219,0.0013234615325927734,0.11742162704467773,85,6,87,63,874,636,9756
all9/randm07.02.02.07.020_0030.02.aba.beta,True,9,6,0.030372142791748047,0.10337972640991211,0.002016305923461914,0.13576817512512207,109,7,112,66,991,949,14389
all9/randm07.02.02.07.020_0030.03.aba.beta,True,11,6,0.02757406234741211,0.11785411834716797,0.0015375614166259766,0.14696574211120605,72,9,75,48,578,740,11021
all9/randm07.02.02.07.020_0030.04.aba.beta,True,10,6,0.020723342895507812,0.09812068939208984,0.0015506744384765625,0.12039470672607422,78,8,83,55,483,766,11580
all9/randm07.02.02.07.020_0030.05.aba.beta,True,9,6,0.022600173950195312,0.11990594863891602,0.0017290115356445312,0.14423513412475586,76,7,77,56,597,738,11024
all9/randm07.02.02.08.020_0030.01.aba.beta,True,1,1,0.0006685256958007812,0.0017802715301513672,0.001224517822265625,0.0036733150482177734,3,1,3,3,2,542,8613
all9/randm07.02.02.08.020_0030.02.aba.beta,True,1,1,0.0006825923919677734,0.0018315315246582031,0.0011560916900634766,0.003670215606689453,3,1,3,3,2,539,8607
all9/randm07.02.02.08.020_0030.03.aba.beta,True,1,1,0.0005817413330078125,0.002050161361694336,0.0011000633239746094,0.003731966018676758,3,1,3,3,2,534,8577
all9/randm07.02.02.08.020_0030.04.aba.beta,True,1,1,0.0005953311920166016,0.0020372867584228516,0.0011472702026367188,0.003779888153076172,3,1,3,3,2,536,8592
all9/randm07.02.02.08.020_0030.05.aba.beta,True,1,1,0.0008931159973144531,0.0018358230590820312,0.0011789798736572266,0.003907918930053711,3,1,3,3,2,536,8587
all9/randm07.02.02.09.020_0030.01.aba.beta,True,2,3,0.003278970718383789,0.00684666633605957,0.0011706352233886719,0.011296272277832031,23,2,24,18,127,545,8635
all9/randm07.02.02.09.020_0030.02.aba.beta,True,2,3,0.0028524398803710938,0.006954669952392578,0.0022842884063720703,0.012091398239135742,18,2,19,14,55,536,8557
all9/randm07.02.02.09.020_0030.03.aba.beta,True,2,3,0.003741025924682617,0.006705522537231445,0.0011725425720214844,0.011619091033935547,19,2,20,15,65,546,8623
all9/randm07.02.02.09.020_0030.04.aba.beta,True,2,3,0.003469705581665039,0.007124662399291992,0.001150369644165039,0.01174473762512207,25,2,26,20,160,545,8638
all9/randm07.02.02.09.020_0030.05.aba.beta,True,2,3,0.003087759017944336,0.006720781326293945,0.0011157989501953125,0.010924339294433594,22,2,23,16,109,540,8595
all9/randm07.02.02.10.020_0030.01.aba.beta,True,1,1,0.0005826950073242188,0.0018236637115478516,0.001096487045288086,0.0035028457641601562,3,1,3,3,2,537,8599
all9/randm07.02.02.10.020_0030.02.aba.beta,True,1,1,0.0005898475646972656,0.0018084049224853516,0.0011529922485351562,0.0035512447357177734,3,1,3,3,2,540,8608
all9/randm07.02.02.10.020_0030.03.aba.beta,True,1,1,0.0006458759307861328,0.0019292831420898438,0.0011715888977050781,0.0037467479705810547,3,1,3,3,2,527,8497
all9/randm07.02.02.10.020_0030.04.aba.beta,True,1,1,0.0006296634674072266,0.001775979995727539,0.0012485980987548828,0.0036542415618896484,3,1,3,3,2,537,8603
all9/randm07.02.02.10.020_0030.05.aba.beta,True,1,1,0.0010116100311279297,0.0019004344940185547,0.0010936260223388672,0.0040056705474853516,3,1,3,3,2,528,8551
all9/randm07.02.02.11.020_0030.01.aba.beta,True,6,5,0.009769916534423828,0.02983832359313965,0.0014612674713134766,0.04106950759887695,40,5,41,34,249,668,10470
all9/randm07.02.02.11.020_0030.02.aba.beta,True,4,5,0.012465715408325195,0.01861286163330078,0.0014421939849853516,0.03252077102661133,50,4,56,35,532,668,10558
all9/randm07.02.02.11.020_0030.03.aba.beta,True,6,5,0.01996755599975586,0.04950070381164551,0.0018308162689208984,0.07129907608032227,103,6,108,80,1477,878,13903
all9/randm07.02.02.11.020_0030.04.aba.beta,True,8,5,0.016740083694458008,0.054763078689575195,0.0019068717956542969,0.0734100341796875,69,7,71,48,580,735,11262
all9/randm07.02.02.11.020_0030.05.aba.beta,True,8,5,0.01629638671875,0.06428170204162598,0.0016326904296875,0.08221077919006348,81,7,82,63,859,822,12494
all9/randm07.02.02.12.020_0030.01.aba.beta,True,2,3,0.0029981136322021484,0.005877971649169922,0.0011365413665771484,0.010012626647949219,16,2,16,13,52,541,8597
all9/randm07.02.02.12.020_0030.02.aba.beta,True,2,3,0.0022084712982177734,0.005867719650268555,0.0012428760528564453,0.009319067001342773,9,2,9,9,16,538,8593
all9/randm07.02.02.12.020_0030.03.aba.beta,True,2,3,0.0026988983154296875,0.005471706390380859,0.0012309551239013672,0.009401559829711914,10,2,10,9,19,534,8576
all9/randm07.02.02.12.020_0030.04.aba.beta,True,2,3,0.0031518936157226562,0.006304740905761719,0.0011327266693115234,0.010589361190795898,15,2,15,13,47,534,8569
all9/randm07.02.02.12.020_0030.05.aba.beta,True,2,3,0.002835512161254883,0.0072116851806640625,0.0011699199676513672,0.011217117309570312,21,2,21,17,101,544,8631
all9/randm07.02.02.13.020_0030.01.aba.beta,True,4,7,0.01412653923034668,0.02786874771118164,0.0011875629425048828,0.0431828498840332,89,4,104,41,947,579,8961
all9/randm07.02.02.13.020_0030.02.aba.beta,True,10,7,0.04220151901245117,0.10825014114379883,0.002385377883911133,0.15283703804016113,135,10,143,92,1784,1066,16641
all9/randm07.02.02.13.020_0030.03.aba.beta,True,9,7,0.0288846492767334,0.22931599617004395,0.0022802352905273438,0.2604808807373047,114,7,119,76,1483,1072,16412
all9/randm07.02.02.13.020_0030.04.aba.beta,True,17,7,0.05542278289794922,1.7984662055969238,0.0026221275329589844,1.856511116027832,138,14,151,77,1591,1188,17612
all9/randm07.02.02.13.020_0030.05.aba.beta,True,9,7,0.025858402252197266,0.18852019309997559,0.0014374256134033203,0.21581602096557617,80,7,85,54,965,694,10387
all9/randm07.02.02.14.020_0030.01.aba.beta,True,2,3,0.003630399703979492,0.0076711177825927734,0.0012295246124267578,0.012531042098999023,30,2,31,25,257,559,8755
all9/randm07.02.02.14.020_0030.02.aba.beta,True,2,3,0.002864837646484375,0.0072519779205322266,0.0010688304901123047,0.011185646057128906,22,2,23,18,112,548,8632
all9/randm07.02.02.14.020_0030.03.aba.beta,True,2,3,0.0039365291595458984,0.00867915153503418,0.0012621879577636719,0.01387786865234375,32,2,32,28,310,569,9159
all9/randm07.02.02.14.020_0030.04.aba.beta,True,2,3,0.0029675960540771484,0.007017374038696289,0.0011887550354003906,0.011173725128173828,19,2,20,15,77,537,8579
all9/randm07.02.02.14.020_0030.05.aba.beta,True,2,3,0.0026237964630126953,0.0070590972900390625,0.0011420249938964844,0.010824918746948242,16,2,17,12,47,544,8613
all9/randm07.02.02.15.020_0030.01.aba.beta,True,4,7,0.013070821762084961,0.03137469291687012,0.0011966228485107422,0.04564213752746582,58,4,69,33,400,567,8736
all9/randm07.02.02.15.020_0030.02.aba.beta,True,7,7,0.02503061294555664,0.7897865772247314,0.0014567375183105469,0.8162739276885986,95,6,95,57,1116,666,10269
all9/randm07.02.02.15.020_0030.03.aba.beta,True,10,7,0.037917137145996094,0.35889339447021484,0.0031974315643310547,0.400007963180542,195,9,200,120,2738,1347,20895
all9/randm07.02.02.15.020_0030.04.aba.beta,True,9,7,0.024256467819213867,0.1630103588104248,0.0014150142669677734,0.18868184089660645,102,7,106,77,1075,679,10336
all9/randm07.02.02.15.020_0030.05.aba.beta,True,10,7,0.025358200073242188,4.543460130691528,0.001981496810913086,4.570799827575684,99,8,99,71,976,923,14186
all9/randm07.02.02.16.020_0030.01.aba.beta,True,3,4,0.006373405456542969,0.015507221221923828,0.0011751651763916016,0.0230557918548584,32,3,34,23,172,560,8699
all9/randm07.02.02.16.020_0030.02.aba.beta,True,2,4,0.004531383514404297,0.009451150894165039,0.001405477523803711,0.015388011932373047,27,2,29,22,116,542,8605
all9/randm07.02.02.16.020_0030.03.aba.beta,True,3,4,0.005249500274658203,0.01783585548400879,0.0011568069458007812,0.024242162704467773,19,3,21,14,59,541,8595
all9/randm07.02.02.16.020_0030.04.aba.beta,True,3,4,0.007746219635009766,0.014909744262695312,0.002125263214111328,0.024781227111816406,34,3,36,28,212,987,15785
all9/randm07.02.02.16.020_0030.05.aba.beta,True,3,4,0.005714893341064453,0.01351022720336914,0.0011723041534423828,0.020397424697875977,39,3,43,31,270,559,8783
all9/randm07.02.02.17.020_0030.01.aba.beta,True,6,6,0.01870131492614746,0.2675034999847412,0.0014824867248535156,0.2876873016357422,111,5,126,69,1157,679,10463
all9/randm07.02.02.17.020_0030.02.aba.beta,True,7,6,0.02135944366455078,0.09172964096069336,0.0016782283782958984,0.11476731300354004,79,5,95,46,724,770,11941
all9/randm07.02.02.17.020_0030.03.aba.beta,True,7,6,0.013903379440307617,0.06653118133544922,0.00128173828125,0.08171629905700684,50,5,53,37,343,621,9427
all9/randm07.02.02.17.020_0030.04.aba.beta,True,6,6,0.021207094192504883,0.08886265754699707,0.0014770030975341797,0.11154675483703613,112,6,134,69,1424,691,10617
all9/randm07.02.02.17.020_0030.05.aba.beta,True,10,6,0.02640533447265625,0.6716210842132568,0.0018990039825439453,0.699925422668457,110,8,116,83,1188,890,13380
all9/randm07.02.02.18.020_0030.01.aba.beta,True,11,7,0.0510406494140625,2.5683605670928955,0.002043485641479492,2.6214447021484375,170,8,193,84,1726,900,13589
all9/randm07.02.02.18.020_0030.02.aba.beta,True,11,7,0.03786611557006836,1.208106279373169,0.001976490020751953,1.2479488849639893,116,9,134,72,1407,886,13597
all9/randm07.02.02.18.020_0030.03.aba.beta,True,6,7,0.04337596893310547,0.40043044090270996,0.001775503158569336,0.44558191299438477,150,5,210,82,1480,768,11901
all9/randm07.02.02.18.020_0030.04.aba.beta,True,9,7,0.06276917457580566,0.4980647563934326,0.0020973682403564453,0.5629312992095947,181,8,243,103,2077,995,15203
all9/randm07.02.02.18.020_0030.05.aba.beta,True,13,7,0.07712912559509277,2.789776086807251,0.0027735233306884766,2.8696787357330322,198,11,227,136,2057,1267,19051
all9/randm07.02.02.19.020_0030.01.aba.beta,True,7,5,0.01643514633178711,0.043231964111328125,0.0013966560363769531,0.06106376647949219,55,6,57,40,449,662,10195
all9/randm07.02.02.19.020_0030.02.aba.beta,True,5,5,0.009134531021118164,0.03655219078063965,0.0013298988342285156,0.04701662063598633,47,4,47,35,603,616,9734
all9/randm07.02.02.19.020_0030.03.aba.beta,True,6,5,0.011101007461547852,0.05544686317443848,0.0012164115905761719,0.0677642822265625,50,5,51,35,387,588,8941
all9/randm07.02.02.19.020_0030.04.aba.beta,True,10,5,0.022570371627807617,0.16252994537353516,0.001688241958618164,0.18678855895996094,97,9,97,76,1132,792,11890
all9/randm07.02.02.19.020_0030.05.aba.beta,True,3,5,0.00878453254699707,0.015635251998901367,0.0015306472778320312,0.02595043182373047,53,3,57,32,365,608,9538
all9/randm08.02.02.01.020_0030.01.aba.beta,True,13,7,0.044492483139038086,0.6658425331115723,0.0018677711486816406,0.712202787399292,133,11,139,85,1419,841,12397
all9/randm08.02.02.01.020_0030.02.aba.beta,True,8,7,0.024616241455078125,0.1403183937072754,0.001477956771850586,0.1664125919342041,102,6,107,68,773,721,10925
all9/randm08.02.02.01.020_0030.03.aba.beta,True,9,7,0.030379772186279297,0.14276528358459473,0.0017232894897460938,0.17486834526062012,114,8,120,81,1085,799,12352
all9/randm08.02.02.01.020_0030.04.aba.beta,True,10,7,0.04212069511413574,0.3615298271179199,0.0022439956665039062,0.40589451789855957,171,8,171,103,2029,1016,15596
all9/randm08.02.02.01.020_0030.05.aba.beta,True,9,7,0.027991533279418945,0.18547797203063965,0.0017631053924560547,0.21523261070251465,113,8,114,81,920,821,12390
all9/randm08.02.02.02.020_0030.01.aba.beta,True,9,6,0.013898134231567383,0.09310603141784668,0.0013575553894042969,0.10836172103881836,90,6,90,49,498,585,8848
all9/randm08.02.02.02.020_0030.02.aba.beta,True,8,6,0.01783156394958496,0.08101391792297363,0.001207113265991211,0.1000525951385498,87,5,87,45,999,576,8988
all9/randm08.02.02.02.020_0030.03.aba.beta,True,9,6,0.0211484432220459,0.08168792724609375,0.0013208389282226562,0.1041572093963623,66,8,66,35,591,639,9437
all9/randm08.02.02.02.020_0030.04.aba.beta,True,9,6,0.018759489059448242,0.1485745906829834,0.0014774799346923828,0.16881155967712402,60,8,60,42,622,697,10559
all9/randm08.02.02.02.020_0030.05.aba.beta,True,11,6,0.03002786636352539,0.0920569896697998,0.0016484260559082031,0.1237332820892334,132,10,134,51,1785,764,11183
all9/randm08.02.02.03.020_0030.01.aba.beta,True,10,7,0.025974512100219727,0.23058509826660156,0.0014336109161376953,0.257993221282959,77,8,79,57,484,685,10307
all9/randm08.02.02.03.020_0030.02.aba.beta,True,14,7,0.03389692306518555,0.566652774810791,0.0017437934875488281,0.6022934913635254,132,10,132,93,1214,858,12769
all9/randm08.02.02.03.020_0030.03.aba.beta,True,10,7,0.02924370765686035,1.2622430324554443,0.0020961761474609375,1.2935829162597656,103,7,124,55,947,924,14226
all9/randm08.02.02.03.020_0030.04.aba.beta,True,10,7,0.03128504753112793,0.17282795906066895,0.0014183521270751953,0.20553135871887207,105,8,108,75,1268,669,10038
all9/randm08.02.02.03.020_0030.05.aba.beta,True,11,7,0.03112649917602539,0.16573381423950195,0.0014462471008300781,0.19830656051635742,99,9,108,48,936,675,9807
all9/randm08.02.02.04.020_0030.01.aba.beta,True,5,6,0.007612705230712891,0.24991369247436523,0.001165151596069336,0.25869154930114746,56,3,56,36,371,558,8738
all9/randm08.02.02.04.020_0030.02.aba.beta,True,5,6,0.013492584228515625,0.024027585983276367,0.0012009143829345703,0.03872108459472656,74,5,88,38,736,577,8951
all9/randm08.02.02.04.020_0030.03.aba.beta,True,4,6,0.012363195419311523,0.02404332160949707,0.0012028217315673828,0.03760933876037598,60,4,72,38,477,573,8894
all9/randm08.02.02.04.020_0030.04.aba.beta,True,4,6,0.018910884857177734,0.025143861770629883,0.0012369155883789062,0.04529166221618652,72,4,86,43,775,591,9120
all9/randm08.02.02.04.020_0030.05.aba.beta,True,7,6,0.014326333999633789,0.1097557544708252,0.0013382434844970703,0.12542033195495605,79,5,79,63,717,623,9659
all9/randm08.02.02.05.020_0030.01.aba.beta,True,3,5,0.008196115493774414,0.014292240142822266,0.0013697147369384766,0.023858070373535156,51,3,55,29,361,560,8722
all9/randm08.02.02.05.020_0030.02.aba.beta,True,3,5,0.008658170700073242,0.015024662017822266,0.0011758804321289062,0.024858713150024414,45,3,48,27,311,560,8713
all9/randm08.02.02.05.020_0030.03.aba.beta,True,3,5,0.011148452758789062,0.019072771072387695,0.0013082027435302734,0.03152942657470703,73,3,77,42,862,577,9027
all9/randm08.02.02.05.020_0030.04.aba.beta,True,3,5,0.008448123931884766,0.022790193557739258,0.0013284683227539062,0.03256678581237793,55,3,56,28,419,606,9543
all9/randm08.02.02.05.020_0030.05.aba.beta,True,5,5,0.014847278594970703,0.028935909271240234,0.0013391971588134766,0.045122385025024414,65,5,67,34,594,611,9217
all9/randm08.02.02.06.020_0030.01.aba.beta,True,8,8,0.03193330764770508,2.7648890018463135,0.0014557838439941406,2.7982780933380127,181,6,201,67,2893,648,9953
all9/randm08.02.02.06.020_0030.02.aba.beta,True,13,8,0.052520751953125,4.4097816944122314,0.002240896224975586,4.464543342590332,129,10,140,73,1309,1003,15110
all9/randm08.02.02.06.020_0030.03.aba.beta,True,12,8,0.043346405029296875,0.9963979721069336,0.0018672943115234375,1.041611671447754,137,9,142,82,1419,775,11614
all9/randm08.02.02.06.020_0030.04.aba.beta,True,14,8,0.05825161933898926,0.8627147674560547,0.001691579818725586,0.9226579666137695,212,11,231,80,2923,819,11933
all9/randm08.02.02.06.020_0030.05.aba.beta,True,14,8,0.052278757095336914,5.386406421661377,0.002106189727783203,5.440791368484497,108,11,112,69,1020,788,11714
all9/randm08.02.02.07.020_0030.01.aba.beta,True,1,1,0.0006115436553955078,0.001947641372680664,0.0011684894561767578,0.0037276744842529297,3,1,3,3,2,536,8587
all9/randm08.02.02.07.020_0030.02.aba.beta,True,1,1,0.0005948543548583984,0.0022728443145751953,0.0011322498321533203,0.003999948501586914,3,1,3,3,2,524,8514
all9/randm08.02.02.07.020_0030.03.aba.beta,True,1,1,0.0009553432464599609,0.0019965171813964844,0.0011343955993652344,0.00408625602722168,3,1,3,3,2,519,8504
all9/randm08.02.02.07.020_0030.04.aba.beta,True,1,1,0.0005903244018554688,0.0018069744110107422,0.0012319087982177734,0.0036292076110839844,3,1,3,3,2,539,8604
all9/randm08.02.02.07.020_0030.05.aba.beta,True,1,1,0.0006082057952880859,0.0018680095672607422,0.0011096000671386719,0.0035858154296875,3,1,3,3,2,530,8566
all9/randm08.02.02.08.020_0030.01.aba.beta,True,8,6,0.02634286880493164,0.1648867130279541,0.0016314983367919922,0.19286108016967773,107,6,139,68,943,711,10707
all9/randm08.02.02.08.020_0030.02.aba.beta,True,10,6,0.031049489974975586,0.773993968963623,0.0017495155334472656,0.8067929744720459,128,7,128,93,1445,769,11879
all9/randm08.02.02.08.020_0030.03.aba.beta,True,12,6,0.03229951858520508,0.20776891708374023,0.0022170543670654297,0.24228549003601074,107,10,112,81,1072,999,15371
all9/randm08.02.02.08.020_0030.04.aba.beta,True,11,6,0.04293465614318848,0.37647533416748047,0.0018756389617919922,0.42128562927246094,139,9,158,89,1418,909,13411
all9/randm08.02.02.08.020_0030.05.aba.beta,True,12,6,0.028579235076904297,0.1885511875152588,0.0017561912536621094,0.2188866138458252,92,9,92,57,829,826,12430
all9/randm08.02.02.09.020_0030.01.aba.beta,True,9,7,0.025995969772338867,0.3391690254211426,0.002683877944946289,0.36784887313842773,91,7,98,52,691,1231,19190
all9/randm08.02.02.09.020_0030.02.aba.beta,True,11,7,0.05121445655822754,0.4719569683074951,0.0030775070190429688,0.5262489318847656,246,9,257,139,3622,1420,22210
all9/randm08.02.02.09.020_0030.03.aba.beta,True,9,7,0.022572040557861328,0.3759438991546631,0.0018625259399414062,0.4003784656524658,146,5,149,80,1180,748,11637
all9/randm08.02.02.09.020_0030.04.aba.beta,True,13,7,0.049509286880493164,0.6251695156097412,0.0022821426391601562,0.6769609451293945,159,11,170,96,1826,1071,16014
all9/randm08.02.02.09.020_0030.05.aba.beta,True,5,7,0.0164642333984375,0.04309487342834473,0.0019598007202148438,0.06151890754699707,66,5,72,32,462,876,13804
all9/randm08.02.02.10.020_0030.01.aba.beta,True,12,7,0.044708251953125,1.2266442775726318,0.0029773712158203125,1.2743299007415771,183,10,193,120,2432,1313,20278
all9/randm08.02.02.10.020_0030.02.aba.beta,True,11,7,0.03250455856323242,2.179396390914917,0.003650665283203125,2.2155516147613525,136,8,139,95,1273,1674,26009
all9/randm08.02.02.10.020_0030.03.aba.beta,True,12,7,0.05565309524536133,0.7542855739593506,0.0019345283508300781,0.811873197555542,166,9,203,77,1872,904,13543
all9/randm08.02.02.10.020_0030.04.aba.beta,True,16,7,0.0689396858215332,1.6892356872558594,0.004926919937133789,1.7631022930145264,193,14,203,139,2278,2130,32629
all9/randm08.02.02.10.020_0030.05.aba.beta,True,15,7,0.04685187339782715,0.5123505592346191,0.003557443618774414,0.5627598762512207,150,12,154,125,1622,1597,24986
all9/randm08.02.02.11.020_0030.01.aba.beta,True,18,8,0.06293702125549316,13.594054460525513,0.0030608177185058594,13.660052299499512,130,16,140,84,1520,1368,20308
all9/randm08.02.02.11.020_0030.02.aba.beta,True,13,8,0.04769539833068848,3.7757527828216553,0.0038695335388183594,3.827317714691162,116,12,128,44,1001,1662,25838
all9/randm08.02.02.11.020_0030.03.aba.beta,True,14,8,0.04257345199584961,2.5624241828918457,0.002148151397705078,2.6071457862854004,121,11,138,64,1192,964,14599
all9/randm08.02.02.11.020_0030.04.aba.beta,True,12,8,0.05388164520263672,0.24313664436340332,0.0029783248901367188,0.29999661445617676,135,12,146,66,1266,1403,21060
all9/randm08.02.02.11.020_0030.05.aba.beta,True,11,8,0.05253195762634277,3.8620731830596924,0.0029523372650146484,3.91755747795105,140,10,147,69,1502,1282,19532
all9/randm08.02.02.12.020_0030.01.aba.beta,True,6,5,0.01794266700744629,0.03948068618774414,0.0016546249389648438,0.05907797813415527,86,5,88,61,974,719,11277
all9/randm08.02.02.12.020_0030.02.aba.beta,True,4,5,0.007931709289550781,0.02308964729309082,0.0012683868408203125,0.032289743423461914,52,3,53,40,480,564,8854
all9/randm08.02.02.12.020_0030.03.aba.beta,True,6,5,0.01625800132751465,0.0600132942199707,0.001752614974975586,0.07802391052246094,103,5,104,84,1248,781,11997
all9/randm08.02.02.12.020_0030.04.aba.beta,True,7,5,0.018290042877197266,0.052249908447265625,0.0016906261444091797,0.07223057746887207,108,6,111,77,1189,784,12002
all9/randm08.02.02.12.020_0030.05.aba.beta,True,4,5,0.0070917606353759766,0.023951053619384766,0.0012135505676269531,0.032256364822387695,47,3,47,34,462,565,8841
all9/randm08.02.02.13.020_0030.01.aba.beta,True,14,8,0.06524419784545898,16.09377408027649,0.0027718544006347656,16.161790132522583,188,10,191,123,2264,1240,19029
all9/randm08.02.02.13.020_0030.02.aba.beta,True,22,8,0.11546468734741211,35.59725022315979,0.004761934280395508,35.7174768447876,242,17,242,165,2647,2080,31490
all9/randm08.02.02.13.020_0030.03.aba.beta,True,17,8,0.0811605453491211,54.00202512741089,0.003766775131225586,54.086952447891235,229,13,256,130,2268,1710,26288
all9/randm08.02.02.13.020_0030.04.aba.beta,True,17,8,0.06878805160522461,16.76664710044861,0.0035474300384521484,16.838982582092285,182,13,195,126,2175,1611,24612
all9/randm08.02.02.13.020_0030.05.aba.beta,True,15,8,0.07318615913391113,2.57127046585083,0.002994060516357422,2.6474506855010986,181,11,222,112,1872,1340,20695
all9/randm08.02.02.14.020_0030.01.aba.beta,True,13,6,0.054557085037231445,0.5934042930603027,0.00301361083984375,0.6509749889373779,170,11,177,144,1886,1359,20821
all9/randm08.02.02.14.020_0030.02.aba.beta,True,12,6,0.03542613983154297,0.21216273307800293,0.0022361278533935547,0.24982500076293945,144,10,146,127,1790,1059,16251
all9/randm08.02.02.14.020_0030.03.aba.beta,True,15,6,0.06586408615112305,0.24415373802185059,0.002823352813720703,0.31284117698669434,145,13,149,117,1537,1301,19799
all9/randm08.02.02.14.020_0030.04.aba.beta,True,13,6,0.06574678421020508,3.188025951385498,0.0048007965087890625,3.258573532104492,212,10,212,153,2931,2054,33124
all9/randm08.02.02.14.020_0030.05.aba.beta,True,12,6,0.04543304443359375,0.723191499710083,0.002810239791870117,0.7714347839355469,149,10,160,108,1413,1329,20098
all9/randm08.02.02.15.020_0030.01.aba.beta,True,8,5,0.02669215202331543,0.06435036659240723,0.0017337799072265625,0.09277629852294922,93,7,112,73,986,842,12894
all9/randm08.02.02.15.020_0030.02.aba.beta,True,7,5,0.03487563133239746,0.050309181213378906,0.0019199848175048828,0.08710479736328125,78,6,92,54,648,835,12920
all9/randm08.02.02.15.020_0030.03.aba.beta,True,9,5,0.025304317474365234,0.09265828132629395,0.0015041828155517578,0.11946678161621094,76,7,76,63,742,714,10713
all9/randm08.02.02.15.020_0030.04.aba.beta,True,11,5,0.0282595157623291,0.08659768104553223,0.0018682479858398438,0.11672544479370117,98,9,109,72,938,881,13356
all9/randm08.02.02.15.020_0030.05.aba.beta,True,9,5,0.022126436233520508,0.08046483993530273,0.001844167709350586,0.10443544387817383,82,7,101,70,834,855,13079
all9/randm08.02.02.16.020_0030.01.aba.beta,True,9,5,0.02425360679626465,0.06547045707702637,0.0017766952514648438,0.09150075912475586,74,8,80,58,706,776,11691
all9/randm08.02.02.16.020_0030.02.aba.beta,True,4,5,0.008627176284790039,0.028802871704101562,0.0012884140014648438,0.038718461990356445,62,3,62,50,675,603,9535
all9/randm08.02.02.16.020_0030.03.aba.beta,True,8,5,0.020355939865112305,0.11233925819396973,0.0026705265045166016,0.13536572456359863,105,7,105,95,1097,1199,18670
all9/randm08.02.02.16.020_0030.04.aba.beta,True,6,5,0.01365518569946289,0.07960104942321777,0.0015876293182373047,0.09484386444091797,66,5,66,57,587,721,11196
all9/randm08.02.02.16.020_0030.05.aba.beta,True,5,5,0.011673212051391602,0.06394195556640625,0.001528024673461914,0.07714319229125977,48,4,48,38,404,665,10413
all9/randm08.02.02.17.020_0030.01.aba.beta,True,9,6,0.027032136917114258,0.05780792236328125,0.001407623291015625,0.08624768257141113,88,8,91,50,648,644,9561
all9/randm08.02.02.17.020_0030.02.aba.beta,True,7,6,0.01930689811706543,0.05459785461425781,0.0020227432250976562,0.0759274959564209,105,6,105,82,1259,924,14520
all9/randm08.02.02.17.020_0030.03.aba.beta,True,9,6,0.023682832717895508,0.0785069465637207,0.0018322467803955078,0.10402202606201172,96,8,97,79,988,864,13337
all9/randm08.02.02.17.020_0030.04.aba.beta,True,5,6,0.009982109069824219,0.03771018981933594,0.0012173652648925781,0.048909664154052734,35,4,35,30,137,553,8648
all9/randm08.02.02.17.020_0030.05.aba.beta,True,5,6,0.018013477325439453,0.03481936454772949,0.0013086795806884766,0.05414152145385742,63,5,66,46,770,583,9285
all9/randm08.02.02.18.020_0030.01.aba.beta,True,6,6,0.01279139518737793,0.06526994705200195,0.0012559890747070312,0.07931733131408691,67,4,74,44,472,561,8781
all9/randm08.02.02.18.020_0030.02.aba.beta,True,11,6,0.023192405700683594,0.25157761573791504,0.002913236618041992,0.2776832580566406,141,8,141,117,1487,1320,20732
all9/randm08.02.02.18.020_0030.03.aba.beta,True,8,6,0.019680261611938477,0.09401082992553711,0.0026297569274902344,0.11632084846496582,78,7,79,65,618,1223,19007
all9/randm08.02.02.18.020_0030.04.aba.beta,True,10,6,0.02533864974975586,0.1621847152709961,0.0026254653930664062,0.19014883041381836,114,7,115,84,1000,1176,18304
all9/randm08.02.02.18.020_0030.05.aba.beta,True,11,6,0.04778313636779785,0.25109267234802246,0.002208709716796875,0.3010845184326172,148,8,150,110,1962,880,13568
all9/randm08.02.02.19.020_0030.01.aba.beta,True,11,8,0.05056428909301758,2.0128238201141357,0.0017507076263427734,2.065138816833496,133,10,143,66,1364,846,12566
all9/randm08.02.02.19.020_0030.02.aba.beta,True,14,8,0.06271505355834961,0.5918266773223877,0.0026907920837402344,0.6572325229644775,189,13,193,99,2567,1194,18374
all9/randm08.02.02.19.020_0030.03.aba.beta,True,11,8,0.045592546463012695,0.9105372428894043,0.001573801040649414,0.9577035903930664,105,9,110,61,1059,721,10677
all9/randm08.02.02.19.020_0030.04.aba.beta,True,7,8,0.05533146858215332,0.4041285514831543,0.0015056133270263672,0.460965633392334,120,7,127,58,1758,683,10471
all9/randm08.02.02.19.020_0030.05.aba.beta,True,10,8,0.03979969024658203,4.310296297073364,0.0018162727355957031,4.351912260055542,104,8,108,62,885,813,12222
all9/randm09.02.02.01.020_0030.01.aba.beta,True,19,9,0.09891343116760254,38.308040142059326,0.006784915924072266,38.413738489151,212,15,226,117,2706,2865,45580
all9/randm09.02.02.01.020_0030.02.aba.beta,True,9,7,0.0321657657623291,1.1574461460113525,0.0018353462219238281,1.1914472579956055,108,8,116,68,1213,808,12292
all9/randm09.02.02.01.020_0030.03.aba.beta,True,21,9,0.09017801284790039,179.57687902450562,0.004877328872680664,179.6719343662262,207,17,212,110,2108,2194,33606
all9/randm09.02.02.01.020_0030.04.aba.beta,True,24,9,0.1197199821472168,80.4397566318512,0.006021976470947266,80.56549859046936,238,20,262,123,2522,3149,48400
all9/randm09.02.02.01.020_0030.05.aba.beta,True,16,9,0.07349038124084473,15.603991031646729,0.004351615905761719,15.681833028793335,265,12,297,130,2913,1875,29298
all9/randm09.02.02.02.020_0030.01.aba.beta,True,17,8,0.05345559120178223,3.7776119709014893,0.003330707550048828,3.8343982696533203,117,14,120,68,904,1520,22833
all9/randm09.02.02.02.020_0030.02.aba.beta,True,14,7,0.05352354049682617,0.3069117069244385,0.004185914993286133,0.3646211624145508,112,13,125,80,1091,1772,27430
all9/randm09.02.02.02.020_0030.03.aba.beta,True,19,8,0.0881662368774414,19.510239839553833,0.004316568374633789,19.602722644805908,163,14,175,102,1490,1917,29242
all9/randm09.02.02.02.020_0030.04.aba.beta,True,21,8,0.08133482933044434,10.888580560684204,0.005415916442871094,10.97533130645752,219,16,224,118,1865,2186,34166
all9/randm09.02.02.02.020_0030.05.aba.beta,True,17,7,0.07248997688293457,0.6622631549835205,0.0038785934448242188,0.7386317253112793,142,14,158,90,1359,1728,26182
all9/randm09.02.02.03.020_0030.01.aba.beta,True,10,8,0.06118965148925781,2.6563937664031982,0.002270221710205078,2.719853639602661,171,9,189,112,2271,1006,15455
all9/randm09.02.02.03.020_0030.02.aba.beta,True,10,8,0.05465817451477051,0.16652488708496094,0.002615213394165039,0.22379827499389648,172,10,176,105,2280,1192,18714
all9/randm09.02.02.03.020_0030.03.aba.beta,True,13,8,0.07118797302246094,16.3898184299469,0.0022466182708740234,16.463253021240234,137,12,137,65,1794,953,14341
all9/randm09.02.02.03.020_0030.04.aba.beta,True,12,8,0.08916449546813965,1.1035208702087402,0.0023550987243652344,1.1950404644012451,202,11,215,105,2499,1093,16412
all9/randm09.02.02.03.020_0030.05.aba.beta,True,7,8,0.03317403793334961,0.11350822448730469,0.0014607906341552734,0.14814305305480957,137,7,139,59,1588,678,10185
all9/randm09.02.02.04.020_0030.01.aba.beta,True,12,7,0.042340993881225586,1.0121734142303467,0.0020613670349121094,1.0565757751464844,118,10,120,89,1345,975,14616
all9/randm09.02.02.04.020_0030.02.aba.beta,True,9,7,0.02827739715576172,0.27474546432495117,0.0014672279357910156,0.3044900894165039,111,8,116,75,1200,745,11283
all9/randm09.02.02.04.020_0030.03.aba.beta,True,11,7,0.03686356544494629,0.40539121627807617,0.0020761489868164062,0.44433093070983887,101,9,104,70,1094,825,12504
all9/randm09.02.02.04.020_0030.04.aba.beta,True,9,7,0.02696394920349121,0.23589611053466797,0.0015683174133300781,0.26442837715148926,77,7,82,48,633,667,10065
all9/randm09.02.02.04.020_0030.05.aba.beta,True,9,7,0.027599573135375977,0.20570731163024902,0.0016584396362304688,0.23496532440185547,76,7,79,43,614,815,12368
all9/randm09.02.02.05.020_0030.01.aba.beta,True,11,8,0.03389263153076172,1.657048225402832,0.0016622543334960938,1.6926031112670898,80,9,81,56,616,811,12147
all9/randm09.02.02.05.020_0030.02.aba.beta,True,6,8,0.02084636688232422,0.7963600158691406,0.0012965202331542969,0.8185029029846191,92,5,95,42,822,582,8859
all9/randm09.02.02.05.020_0030.03.aba.beta,True,15,8,0.05750918388366699,4.625579357147217,0.002671957015991211,4.685760498046875,132,13,137,82,1471,1226,18378
all9/randm09.02.02.05.020_0030.04.aba.beta,True,8,8,0.02624678611755371,1.1316726207733154,0.0016393661499023438,1.1595587730407715,109,7,116,54,830,758,11548
all9/randm09.02.02.05.020_0030.05.aba.beta,True,15,8,0.07097625732421875,7.737115859985352,0.002651214599609375,7.81074333190918,150,13,156,89,1742,1185,17912
all9/randm09.02.02.06.020_0030.01.aba.beta,False,18,9,0.06930208206176758,214.27248811721802,0.0012791156768798828,214.34306931495667,203,12,204,100,2489,687,9823
all9/randm09.02.02.06.020_0030.02.aba.beta,True,17,9,0.05831551551818848,55.85578465461731,0.001987934112548828,55.91608810424805,145,14,175,60,1335,921,13275
all9/randm09.02.02.06.020_0030.03.aba.beta,True,12,9,0.050084590911865234,17.097729921340942,0.001703023910522461,17.14951753616333,150,9,158,81,1473,784,11838
all9/randm09.02.02.06.020_0030.04.aba.beta,True,19,9,0.07169318199157715,53.46114897727966,0.002157926559448242,53.53500008583069,138,15,149,62,1254,884,12490
all9/randm09.02.02.06.020_0030.05.aba.beta,True,14,9,0.06258225440979004,14.894412279129028,0.002092123031616211,14.959086656570435,167,10,185,82,1304,920,13730
all9/randm09.02.02.07.020_0030.01.aba.beta,True,1,1,0.0006413459777832031,0.0024101734161376953,0.0011608600616455078,0.004212379455566406,3,1,3,3,2,511,8445
all9/randm09.02.02.07.020_0030.02.aba.beta,True,1,1,0.0009138584136962891,0.001844644546508789,0.0011830329895019531,0.003941535949707031,3,1,3,3,2,530,8553
all9/randm09.02.02.07.020_0030.03.aba.beta,True,1,1,0.0006346702575683594,0.0019383430480957031,0.0011723041534423828,0.0037453174591064453,3,1,3,3,2,533,8573
all9/randm09.02.02.07.020_0030.04.aba.beta,True,1,1,0.0009963512420654297,0.002303600311279297,0.0013017654418945312,0.004601716995239258,3,1,3,3,2,527,8550
all9/randm09.02.02.07.020_0030.05.aba.beta,True,1,1,0.0009310245513916016,0.0018475055694580078,0.0011639595031738281,0.0039424896240234375,3,1,3,3,2,536,8586
all9/randm09.02.02.08.020_0030.01.aba.beta,True,6,6,0.01502370834350586,0.026692867279052734,0.0012269020080566406,0.042943477630615234,50,4,50,27,229,552,8641
all9/randm09.02.02.08.020_0030.02.aba.beta,True,6,6,0.014510154724121094,0.031043052673339844,0.0011875629425048828,0.04674077033996582,42,4,44,32,171,561,8688
all9/randm09.02.02.08.020_0030.03.aba.beta,True,7,6,0.014172792434692383,0.05256485939025879,0.0014538764953613281,0.0681915283203125,71,5,72,51,598,597,9185
all9/randm09.02.02.08.020_0030.04.aba.beta,True,7,6,0.017529010772705078,0.044475555419921875,0.0042340755462646484,0.0662386417388916,53,7,57,38,265,1962,31052
all9/randm09.02.02.08.020_0030.05.aba.beta,True,6,6,0.013881206512451172,0.0356903076171875,0.0033698081970214844,0.052941322326660156,44,6,44,33,207,1409,22351
all9/randm09.02.02.09.020_0030.01.aba.beta,True,20,9,0.09096145629882812,5.746330261230469,0.0051116943359375,5.842403411865234,257,17,278,135,3360,2193,34616
all9/randm09.02.02.09.020_0030.02.aba.beta,True,16,9,0.0766298770904541,11.012051582336426,0.0031702518463134766,11.091851711273193,235,12,240,93,2862,1398,21244
all9/randm09.02.02.09.020_0030.03.aba.beta,True,12,9,0.04543781280517578,11.280741453170776,0.0015175342559814453,11.327696800231934,198,8,203,79,1431,657,9732
all9/randm09.02.02.09.020_0030.04.aba.beta,True,15,9,0.08022880554199219,12.28653597831726,0.003933429718017578,12.37069821357727,217,12,223,114,2785,1716,26171
all9/randm09.02.02.09.020_0030.05.aba.beta,True,13,9,0.04159116744995117,12.67606520652771,0.0021736621856689453,12.71983003616333,202,8,206,100,2153,964,14713
all9/randm09.02.02.10.020_0030.01.aba.beta,True,10,6,0.028468847274780273,0.09702849388122559,0.0024268627166748047,0.12792420387268066,87,10,89,64,888,1101,16962
all9/randm09.02.02.10.020_0030.02.aba.beta,True,8,6,0.02665233612060547,0.07500958442687988,0.00144195556640625,0.1031038761138916,93,7,100,58,949,649,9861
all9/randm09.02.02.10.020_0030.03.aba.beta,True,5,6,0.01073908805847168,0.04441952705383301,0.0013642311096191406,0.05652284622192383,56,4,58,37,372,597,9202
all9/randm09.02.02.10.020_0030.04.aba.beta,True,8,6,0.02794194221496582,0.06469249725341797,0.0012710094451904297,0.09390544891357422,99,7,100,35,895,613,9135
all9/randm09.02.02.10.020_0030.05.aba.beta,True,5,6,0.014659881591796875,0.02853226661682129,0.0012753009796142578,0.04446744918823242,65,5,70,35,570,585,8864
all9/randm09.02.02.11.020_0030.01.aba.beta,True,10,8,0.027029037475585938,5.093912601470947,0.0015332698822021484,5.122474908828735,89,6,90,73,676,676,10238
all9/randm09.02.02.11.020_0030.02.aba.beta,True,11,8,0.032659292221069336,2.6673848628997803,0.0015211105346679688,2.7015652656555176,119,7,124,63,1488,684,10502
all9/randm09.02.02.11.020_0030.03.aba.beta,True,7,8,0.03614997863769531,0.07599592208862305,0.0014710426330566406,0.113616943359375,123,7,143,65,1617,688,10451
all9/randm09.02.02.11.020_0030.04.aba.beta,True,8,8,0.029988765716552734,0.7839264869689941,0.0013866424560546875,0.8153018951416016,107,7,116,46,969,612,9137
all9/randm09.02.02.11.020_0030.05.aba.beta,True,13,8,0.04543018341064453,6.078144550323486,0.0018935203552246094,6.1254682540893555,152,10,159,84,1735,771,11621
all9/randm09.02.02.12.020_0030.01.aba.beta,True,9,8,0.027940750122070312,1.6314780712127686,0.0015218257904052734,1.6609406471252441,98,7,108,57,823,681,10349
all9/randm09.02.02.12.020_0030.02.aba.beta,True,13,8,0.03390312194824219,0.997361421585083,0.0019540786743164062,1.0332186222076416,85,10,85,77,834,891,13376
all9/randm09.02.02.12.020_0030.03.aba.beta,True,11,8,0.03623151779174805,1.6529746055603027,0.0017974376678466797,1.6910035610198975,132,9,134,80,1364,817,12146
all9/randm09.02.02.12.020_0030.04.aba.beta,True,16,8,0.05207395553588867,0.8660824298858643,0.002032756805419922,0.9201891422271729,120,13,131,63,1056,942,13839
all9/randm09.02.02.12.020_0030.05.aba.beta,True,11,8,0.04191327095031738,0.15125656127929688,0.001804351806640625,0.19497418403625488,115,10,120,75,1188,888,13117
all9/randm09.02.02.13.020_0030.01.aba.beta,True,14,8,0.06090807914733887,0.5783874988555908,0.003003358840942383,0.6422989368438721,150,13,162,88,1654,1379,21043
all9/randm09.02.02.13.020_0030.02.aba.beta,True,11,8,0.06371855735778809,1.4603965282440186,0.003505229949951172,1.5276203155517578,225,9,231,135,3310,1534,23847
all9/randm09.02.02.13.020_0030.03.aba.beta,True,13,8,0.05599188804626465,24.175777673721313,0.0022406578063964844,24.234010219573975,253,10,268,99,3598,1008,15240
all9/randm09.02.02.13.020_0030.04.aba.beta,True,12,8,0.054414987564086914,16.97736382484436,0.0022737979888916016,17.03405261039734,196,11,205,113,2948,953,14370
all9/randm09.02.02.13.020_0030.05.aba.beta,True,15,8,0.061266183853149414,2.6150357723236084,0.002886533737182617,2.6791884899139404,165,13,171,92,1888,1293,19547
all9/randm09.02.02.14.020_0030.01.aba.beta,True,6,6,0.024670839309692383,0.06485795974731445,0.001638174057006836,0.09116697311401367,108,6,134,73,1368,735,11259
all9/randm09.02.02.14.020_0030.02.aba.beta,True,8,6,0.04213261604309082,0.11594057083129883,0.001352548599243164,0.1594257354736328,82,7,98,55,829,693,10383
all9/randm09.02.02.14.020_0030.03.aba.beta,True,12,6,0.0383908748626709,1.1997618675231934,0.001954317092895508,1.2401070594787598,91,12,99,65,876,887,12968
all9/randm09.02.02.14.020_0030.04.aba.beta,True,3,6,0.011522293090820312,0.022416353225708008,0.0012085437774658203,0.03514719009399414,64,3,87,32,466,557,8680
all9/randm09.02.02.14.020_0030.05.aba.beta,True,10,6,0.031398773193359375,0.09786486625671387,0.0016596317291259766,0.13092327117919922,87,8,93,62,923,772,11603
all9/randm09.02.02.15.020_0030.01.aba.beta,True,8,8,0.02881145477294922,0.7613859176635742,0.002321958541870117,0.7925193309783936,115,6,122,81,1218,1058,16437
all9/randm09.02.02.15.020_0030.02.aba.beta,True,7,8,0.030946731567382812,1.5946388244628906,0.001407623291015625,1.626993179321289,118,5,123,49,1181,612,9286
all9/randm09.02.02.15.020_0030.03.aba.beta,True,10,8,0.026018857955932617,1.020535945892334,0.001377105712890625,1.0479319095611572,78,8,79,49,678,609,9238
all9/randm09.02.02.15.020_0030.04.aba.beta,True,10,8,0.02952742576599121,2.2149465084075928,0.0015332698822021484,2.246007204055786,101,8,102,72,828,729,11045
all9/randm09.02.02.15.020_0030.05.aba.beta,True,9,8,0.03480219841003418,0.09334397315979004,0.0022580623626708984,0.13040423393249512,126,7,152,56,1191,963,15543
all9/randm09.02.02.16.020_0030.01.aba.beta,True,8,6,0.029054641723632812,0.07429766654968262,0.0023651123046875,0.10571742057800293,107,7,111,63,975,1054,16521
all9/randm09.02.02.16.020_0030.02.aba.beta,True,8,6,0.024938344955444336,0.07902884483337402,0.0022430419921875,0.10621023178100586,118,7,118,78,1267,976,14981
all9/randm09.02.02.16.020_0030.03.aba.beta,True,5,6,0.017533302307128906,0.035536766052246094,0.002076387405395508,0.05514645576477051,101,5,102,63,1265,848,13413
all9/randm09.02.02.16.020_0030.04.aba.beta,True,5,6,0.021093368530273438,0.05015063285827637,0.0015645027160644531,0.07280850410461426,107,4,117,57,1118,737,11510
all9/randm09.02.02.16.020_0030.05.aba.beta,True,4,6,0.018070459365844727,0.030772686004638672,0.0013396739959716797,0.05018281936645508,101,3,114,51,1163,595,9361
all9/randm09.02.02.17.020_0030.01.aba.beta,True,15,9,0.08231067657470703,24.9603853225708,0.0024466514587402344,25.045142650604248,255,13,300,103,3487,1085,16611
all9/randm09.02.02.17.020_0030.02.aba.beta,True,16,9,0.05899405479431152,7.462062358856201,0.002653837203979492,7.523710250854492,136,12,139,120,1542,1188,17957
all9/randm09.02.02.17.020_0030.03.aba.beta,True,11,9,0.03517007827758789,6.419073820114136,0.001664876937866211,6.45590877532959,111,7,111,93,1004,748,11474
all9/randm09.02.02.17.020_0030.04.aba.beta,True,12,9,0.039267539978027344,28.672085762023926,0.001577138900756836,28.71293044090271,185,7,188,80,1504,672,10117
all9/randm09.02.02.17.020_0030.05.aba.beta,True,12,9,0.04286527633666992,17.42511773109436,0.0020301342010498047,17.47001314163208,131,8,136,76,936,907,13856
all9/randm09.02.02.18.020_0030.01.aba.beta,True,12,7,0.03903365135192871,0.9531126022338867,0.001750946044921875,0.9938971996307373,107,9,110,65,1029,793,11864
all9/randm09.02.02.18.020_0030.02.aba.beta,True,12,7,0.04493355751037598,0.507676362991333,0.002030611038208008,0.554640531539917,138,11,138,83,1845,915,14066
all9/randm09.02.02.18.020_0030.03.aba.beta,True,16,7,0.05301189422607422,1.3587751388549805,0.002864837646484375,1.414651870727539,162,13,162,109,2186,1243,18739
all9/randm09.02.02.18.020_0030.04.aba.beta,True,11,7,0.03967142105102539,6.979829549789429,0.002492189407348633,7.021993160247803,149,11,156,87,1835,1109,16542
all9/randm09.02.02.18.020_0030.05.aba.beta,True,7,7,0.03028416633605957,0.09981465339660645,0.0020105838775634766,0.1321094036102295,150,7,156,71,2352,848,13132
all9/randm09.02.02.19.020_0030.01.aba.beta,True,11,8,0.05457448959350586,14.676148176193237,0.002124786376953125,14.732847452163696,187,10,187,86,2690,921,13973
all9/randm09.02.02.19.020_0030.02.aba.beta,True,15,8,0.07638978958129883,1.8981058597564697,0.00538945198059082,1.9798851013183594,232,14,241,122,2355,2229,34622
all9/randm09.02.02.19.020_0030.03.aba.beta,True,12,8,0.06011223793029785,17.296586275100708,0.002057313919067383,17.358755826950073,237,8,246,99,3179,930,14217
all9/randm09.02.02.19.020_0030.04.aba.beta,True,15,8,0.07785391807556152,6.921827554702759,0.002861499786376953,7.002542972564697,205,11,213,114,2967,1141,17268
all9/randm09.02.02.19.020_0030.05.aba.beta,True,16,8,0.05701899528503418,9.972357988357544,0.002881765365600586,10.032258749008179,244,12,259,155,3148,1614,24848
